timestamp,x,y,z,w
1523080528471370,0.726746,0.360229,-0.347778,-0.470276
1523080528517403,0.729065,0.354248,-0.348267,-0.470825
1523080528518414,0.731689,0.348083,-0.348755,-0.470947
1523080528541420,0.734314,0.341919,-0.349365,-0.471008
1523080528556430,0.737061,0.336304,-0.349548,-0.47052
1523080528570454,0.740479,0.3302,-0.351868,-0.467834
1523080528606479,0.743469,0.322754,-0.353943,-0.466675
1523080528651512,0.746948,0.314636,-0.356628,-0.4646
1523080528662505,0.750854,0.308655,-0.358948,-0.460571
1523080528664521,0.751953,0.302917,-0.362915,-0.459473
1523080528675527,0.755615,0.296631,-0.365845,-0.4552
1523080528691536,0.756958,0.290649,-0.369934,-0.453552
1523080528712598,0.756775,0.284119,-0.375977,-0.452942
1523080528736625,0.755493,0.277649,-0.382813,-0.453369
1523080528763645,0.753418,0.271851,-0.39032,-0.453979
1523080528775663,0.750793,0.267212,-0.39801,-0.454407
1523080528802675,0.748108,0.263855,-0.404968,-0.454712
1523080528808676,0.744873,0.261108,-0.411621,-0.455566
1523080528831687,0.741272,0.25885,-0.418152,-0.456787
1523080528854713,0.737854,0.256958,-0.424438,-0.457581
1523080528868719,0.734924,0.255066,-0.430481,-0.457703
1523080528891758,0.732422,0.253113,-0.436157,-0.457397
1523080528922757,0.729919,0.250671,-0.442017,-0.457153
1523080528928753,0.727844,0.248108,-0.448059,-0.455994
1523080528951781,0.724304,0.244934,-0.45575,-0.455688
1523080528974798,0.720825,0.241516,-0.463989,-0.454712
1523080528988808,0.718384,0.238098,-0.472473,-0.45166
1523080529011816,0.716553,0.234253,-0.480164,-0.448486
1523080529034837,0.714539,0.229309,-0.486938,-0.44696
1523080529056853,0.71228,0.224243,-0.492493,-0.447021
1523080529071863,0.709961,0.219727,-0.49707,-0.447937
1523080529094872,0.707642,0.216064,-0.500244,-0.449768
1523080529108890,0.70575,0.213745,-0.50238,-0.451538
1523080529130896,0.704224,0.213684,-0.504089,-0.451965
1523080529153921,0.702209,0.214844,-0.505676,-0.452759
1523080529168938,0.699707,0.217041,-0.508179,-0.45282
1523080529198953,0.697815,0.220215,-0.510986,-0.451111
1523080529213964,0.696533,0.222046,-0.513733,-0.448975
1523080529228975,0.695435,0.221436,-0.518066,-0.445984
1523080529250990,0.695251,0.22052,-0.523254,-0.440674
1523080529273996,0.696472,0.219299,-0.528992,-0.432434
1523080529289079,0.699707,0.216309,-0.534546,-0.421753
1523080529311024,0.704712,0.214783,-0.538757,-0.408691
1523080529334054,0.710632,0.213989,-0.54126,-0.395264
1523080529349060,0.717224,0.213745,-0.543335,-0.380371
1523080529371076,0.724121,0.217957,-0.545654,-0.361084
1523080529394082,0.728394,0.228821,-0.549072,-0.339966
1523080529409103,0.730103,0.244934,-0.553894,-0.316467
1523080529431134,0.725891,0.265259,-0.559814,-0.298889
1523080529454125,0.71637,0.292786,-0.561768,-0.292358
1523080529478141,0.696533,0.327515,-0.562439,-0.302002
1523080529491171,0.663513,0.367004,-0.566467,-0.322632
1523080529514169,0.620728,0.40863,-0.571777,-0.347534
1523080529530179,0.569397,0.451843,-0.575928,-0.374084
1523080529551194,0.511658,0.498718,-0.573242,-0.401062
1523080529574230,0.450012,0.538818,-0.567383,-0.43042
1523080529590228,0.395203,0.567261,-0.557861,-0.459106
1523080529612237,0.350586,0.594543,-0.536743,-0.485291
1523080529634253,0.32196,0.619202,-0.501526,-0.511292
1523080529650264,0.307312,0.636658,-0.458191,-0.538757
1523080529671278,0.30481,0.641174,-0.416382,-0.567993
1523080529694308,0.311829,0.633362,-0.375244,-0.600708
1523080529718313,0.323364,0.622192,-0.330261,-0.631836
1523080529731325,0.347961,0.612915,-0.276917,-0.653137
1523080529753339,0.3797,0.600891,-0.227173,-0.66571
1523080529770363,0.404724,0.581604,-0.188049,-0.680115
1523080529791378,0.420349,0.561035,-0.154053,-0.696289
1523080529813393,0.440674,0.54071,-0.126404,-0.705322
1523080529830392,0.480774,0.522339,-0.0856323,-0.699036
1523080529851417,0.52063,0.492615,-0.0641479,-0.694336
1523080529873433,0.542358,0.465332,-0.0318604,-0.698792
1523080529890448,0.571472,0.446228,-0.00921631,-0.688599
1523080529912450,0.601563,0.425598,0.00787354,-0.675964
1523080529933475,0.623901,0.405151,0.0142212,-0.668091
1523080529950487,0.645081,0.383606,0.020874,-0.660461
1523080529971492,0.669312,0.358704,0.0296631,-0.649963
1523080529995520,0.695984,0.328857,0.0394287,-0.637085
1523080530010529,0.722778,0.296021,0.0493774,-0.622498
1523080530034552,0.748779,0.262817,0.059021,-0.605652
1523080530053560,0.771912,0.232361,0.0649414,-0.588135
1523080530071563,0.795776,0.20459,0.067688,-0.565918
1523080530091581,0.818787,0.177979,0.0678101,-0.541565
1523080530113594,0.842224,0.154602,0.0595093,-0.512939
1523080530130605,0.864441,0.131897,0.0422974,-0.483215
1523080530151640,0.880127,0.111694,0.0197754,-0.460938
1523080530173636,0.890747,0.0914917,-0.00939941,-0.445068
1523080530191649,0.898743,0.071228,-0.048584,-0.429932
1523080530211667,0.902893,0.0525513,-0.0922852,-0.416565
1523080530233679,0.903748,0.0361328,-0.135803,-0.404297
1523080530250690,0.901184,0.0218506,-0.178711,-0.394226
1523080530271719,0.898438,0.00952148,-0.220825,-0.379456
1523080530293721,0.895203,0.00128174,-0.262695,-0.359985
1523080530311747,0.889038,-0.00317383,-0.300293,-0.34552
1523080530331780,0.879517,-0.0055542,-0.33313,-0.339661
1523080530353774,0.86908,-0.00512695,-0.361755,-0.337402
1523080530377780,0.860413,0.00335693,-0.38855,-0.329773
1523080530392802,0.854431,0.0251465,-0.413452,-0.31366
1523080530413810,0.847717,0.0575562,-0.434387,-0.29895
1523080530429818,0.839294,0.0948486,-0.450439,-0.289307
1523080530452834,0.829224,0.136902,-0.462708,-0.282104
1523080530473863,0.817322,0.18512,-0.471558,-0.274475
1523080530489888,0.801941,0.237122,-0.477356,-0.269775
1523080530518894,0.783142,0.289185,-0.480042,-0.26947
1523080530533906,0.761292,0.341431,-0.479553,-0.271667
1523080530549905,0.737427,0.393311,-0.475464,-0.274597
1523080530572932,0.709839,0.438232,-0.47345,-0.282654
1523080530593934,0.682739,0.471985,-0.474792,-0.292603
1523080530609945,0.657471,0.499268,-0.476379,-0.30249
1523080530632972,0.640869,0.510376,-0.482056,-0.310364
1523080530653986,0.629822,0.502258,-0.497192,-0.322266
1523080530669988,0.61908,0.48114,-0.518555,-0.341003
1523080530693024,0.611877,0.45813,-0.535461,-0.359192
1523080530714057,0.611694,0.439392,-0.542542,-0.372009
1523080530730031,0.616699,0.426941,-0.54071,-0.380859
1523080530753048,0.625244,0.412903,-0.536255,-0.388611
1523080530774082,0.63446,0.386719,-0.534851,-0.402222
1523080530790076,0.641052,0.353149,-0.534058,-0.423279
1523080530813105,0.648254,0.318665,-0.530518,-0.443604
1523080530834118,0.658569,0.289124,-0.521912,-0.458618
1523080530849129,0.67218,0.268433,-0.509521,-0.465271
1523080530872142,0.6875,0.251282,-0.495789,-0.467346
1523080530894148,0.703918,0.233337,-0.480774,-0.467896
1523080530909168,0.723389,0.219482,-0.462341,-0.463379
1523080530932184,0.747253,0.212952,-0.44281,-0.447449
1523080530954189,0.772827,0.206116,-0.424622,-0.424194
1523080530969201,0.792969,0.195679,-0.40741,-0.408508
1523080530999232,0.804932,0.180786,-0.391052,-0.40802
1523080531022254,0.81427,0.169312,-0.386536,-0.39856
1523080531029253,0.820862,0.172058,-0.391174,-0.378845
1523080531052273,0.826172,0.191101,-0.393005,-0.35553
1523080531074288,0.828064,0.211182,-0.399597,-0.331726
1523080531089299,0.82605,0.2276,-0.412048,-0.309937
1523080531112330,0.822876,0.242188,-0.426758,-0.286499
1523080531142337,0.81543,0.251343,-0.444641,-0.272339
1523080531149338,0.801941,0.255371,-0.467712,-0.269958
1523080531172344,0.786804,0.256653,-0.49176,-0.270569
1523080531194370,0.769165,0.257507,-0.514954,-0.277222
1523080531209387,0.742981,0.259155,-0.546509,-0.28656
1523080531232411,0.708557,0.260864,-0.583801,-0.298279
1523080531254406,0.669495,0.271423,-0.619568,-0.306946
1523080531269424,0.630005,0.297119,-0.647705,-0.308777
1523080531291439,0.593994,0.331177,-0.6651,-0.308472
1523080531314455,0.555664,0.370544,-0.679199,-0.304321
1523080531329466,0.517212,0.408447,-0.69043,-0.298401
1523080531352472,0.482849,0.448364,-0.693298,-0.29187
1523080531374502,0.458923,0.488281,-0.685852,-0.283813
1523080531390509,0.452026,0.523926,-0.667725,-0.274414
1523080531412525,0.457642,0.55072,-0.64563,-0.26532
1523080531434547,0.470398,0.567871,-0.623047,-0.260803
1523080531450556,0.485352,0.577942,-0.602722,-0.259094
1523080531471558,0.505127,0.57959,-0.586365,-0.255127
1523080531494583,0.524048,0.568237,-0.580994,-0.254883
1523080531510584,0.547119,0.551819,-0.580078,-0.244263
1523080531531610,0.567444,0.526001,-0.585449,-0.241882
1523080531554713,0.584229,0.486084,-0.598572,-0.253235
1523080531578633,0.607239,0.435303,-0.604797,-0.275696
1523080531591662,0.596313,0.430237,-0.619507,-0.274841
1523080531614680,0.61969,0.394348,-0.622925,-0.268982
1523080531630669,0.642212,0.368591,-0.614136,-0.272888
1523080531651686,0.663818,0.350159,-0.604675,-0.266724
1523080531674701,0.682922,0.336609,-0.59082,-0.266846
1523080531698732,0.696777,0.327637,-0.575989,-0.274536
1523080531711741,0.708374,0.323975,-0.560425,-0.281372
1523080531734758,0.718933,0.326355,-0.544556,-0.283081
1523080531750757,0.727539,0.33252,-0.525269,-0.290161
1523080531771780,0.736145,0.338379,-0.504211,-0.29895
1523080531794806,0.744934,0.351685,-0.480713,-0.300415
1523080531816803,0.749939,0.367371,-0.465027,-0.293823
1523080531831826,0.755493,0.37439,-0.45636,-0.284302
1523080531855830,0.75885,0.379883,-0.446838,-0.282959
1523080531870841,0.758911,0.385986,-0.442993,-0.28064
1523080531891857,0.755127,0.392151,-0.444031,-0.280701
1523080531914871,0.748657,0.397095,-0.447754,-0.285278
1523080531930884,0.741577,0.397827,-0.452576,-0.2948
1523080531951912,0.73468,0.396545,-0.456909,-0.306946
1523080531974924,0.727966,0.39502,-0.460632,-0.319092
1523080531990926,0.722107,0.393982,-0.462646,-0.330566
1523080532011944,0.719421,0.392151,-0.46106,-0.340637
1523080532034956,0.719971,0.386719,-0.457153,-0.35083
1523080532050970,0.722107,0.377319,-0.452026,-0.363098
1523080532071988,0.726196,0.361755,-0.44574,-0.378235
1523080532094999,0.731873,0.338928,-0.438354,-0.396606
1523080532111012,0.73938,0.30658,-0.430054,-0.417603
1523080532133047,0.749756,0.263855,-0.41864,-0.439331
1523080532155044,0.760742,0.220886,-0.403076,-0.458252
1523080532171055,0.772827,0.184875,-0.386414,-0.468262
1523080532192089,0.779358,0.157471,-0.372131,-0.478821
1523080532214133,0.779297,0.133423,-0.358765,-0.496216
1523080532231097,0.772705,0.116272,-0.347839,-0.518127
1523080532253112,0.767212,0.106934,-0.351196,-0.52594
1523080532274127,0.765686,0.105713,-0.362427,-0.520813
1523080532290138,0.760681,0.104553,-0.383606,-0.513123
1523080532312164,0.752014,0.104492,-0.403137,-0.510925
1523080532328165,0.745483,0.0963745,-0.426514,-0.503052
1523080532351184,0.739502,0.0912476,-0.448669,-0.493469
1523080532373197,0.734802,0.0909424,-0.472229,-0.478333
1523080532396213,0.731018,0.0931396,-0.493713,-0.461731
1523080532411225,0.728577,0.0991211,-0.512329,-0.443726
1523080532433240,0.726685,0.106628,-0.527344,-0.427185
1523080532447252,0.724304,0.119019,-0.540222,-0.41156
1523080532470267,0.723206,0.137878,-0.548401,-0.396545
1523080532493283,0.722412,0.161072,-0.550903,-0.38562
1523080532514298,0.720825,0.187439,-0.547546,-0.381409
1523080532530309,0.718811,0.214539,-0.541199,-0.379944
1523080532553325,0.717529,0.240906,-0.533997,-0.37677
1523080532574341,0.718811,0.264343,-0.524292,-0.372131
1523080532590352,0.723328,0.284424,-0.510559,-0.367676
1523080532613368,0.730652,0.30011,-0.497009,-0.359253
1523080532634383,0.738831,0.31012,-0.488525,-0.345398
1523080532664404,0.741638,0.31842,-0.484741,-0.337097
1523080532675412,0.742615,0.319092,-0.485168,-0.333679
1523080532694425,0.744629,0.313843,-0.485596,-0.333374
1523080532710437,0.748657,0.305298,-0.48584,-0.332092
1523080532733454,0.75293,0.296021,-0.485596,-0.331055
1523080532754469,0.755066,0.28656,-0.486023,-0.333923
1523080532770479,0.756836,0.274597,-0.485901,-0.340149
1523080532793496,0.75946,0.259155,-0.484314,-0.348633
1523080532815511,0.762573,0.24469,-0.480347,-0.357605
1523080532830522,0.765259,0.231934,-0.47406,-0.36853
1523080532853538,0.766968,0.219727,-0.467285,-0.38092
1523080532874553,0.765991,0.204773,-0.462463,-0.39679
1523080532890565,0.76593,0.186646,-0.455505,-0.413513
1523080532913581,0.770508,0.169861,-0.445557,-0.422974
1523080532951608,0.77594,0.157776,-0.435608,-0.428101
1523080532953609,0.780518,0.149231,-0.427063,-0.431396
1523080532988635,0.784363,0.140381,-0.419312,-0.434998
1523080532994639,0.787842,0.131958,-0.412903,-0.437439
1523080533010650,0.790833,0.127563,-0.408569,-0.437439
1523080533033666,0.792664,0.128601,-0.407471,-0.434814
1523080533054681,0.792419,0.13446,-0.409607,-0.431458
1523080533070693,0.790527,0.144043,-0.412964,-0.428711
1523080533093709,0.786438,0.157349,-0.417236,-0.427429
1523080533114724,0.780518,0.177612,-0.418518,-0.429077
1523080533130735,0.772217,0.200134,-0.421997,-0.430664
1523080533153752,0.762939,0.223938,-0.427429,-0.430237
1523080533174767,0.75238,0.24939,-0.433838,-0.428467
1523080533190778,0.738892,0.276489,-0.440796,-0.428101
1523080533212794,0.723816,0.305664,-0.446289,-0.428345
1523080533241815,0.708496,0.337402,-0.447693,-0.428589
1523080533249819,0.691223,0.367188,-0.447876,-0.432251
1523080533272836,0.672668,0.393921,-0.447205,-0.438599
1523080533295852,0.655762,0.420532,-0.444153,-0.442505
1523080533309863,0.643005,0.444885,-0.438538,-0.443115
1523080533332884,0.633057,0.463989,-0.431519,-0.444641
1523080533361899,0.622803,0.482788,-0.419617,-0.450439
1523080533369904,0.613953,0.495117,-0.409851,-0.458191
1523080533392922,0.608276,0.502563,-0.399963,-0.466248
1523080533415937,0.606506,0.508911,-0.387207,-0.472534
1523080533436953,0.6073,0.515137,-0.370483,-0.478088
1523080533452964,0.608582,0.519043,-0.353149,-0.485229
1523080533475981,0.611206,0.519653,-0.336914,-0.492859
1523080533496997,0.615845,0.517883,-0.32135,-0.499268
1523080533521013,0.621582,0.513184,-0.305969,-0.506592
1523080533536023,0.626648,0.507141,-0.291382,-0.515015
1523080533557038,0.631287,0.502197,-0.277405,-0.52179
1523080533573063,0.634155,0.497559,-0.265442,-0.528931
1523080533596067,0.635864,0.493286,-0.253906,-0.536499
1523080533617091,0.637634,0.490906,-0.24353,-0.541382
1523080533641098,0.639587,0.49115,-0.233337,-0.543335
1523080533656119,0.641907,0.493835,-0.224731,-0.541809
1523080533677137,0.643066,0.497986,-0.218323,-0.539246
1523080533693135,0.644043,0.503052,-0.212952,-0.535522
1523080533716171,0.645996,0.508362,-0.208069,-0.530029
1523080533737168,0.647888,0.513672,-0.203003,-0.524597
1523080533759181,0.649048,0.518677,-0.198425,-0.519897
1523080533776195,0.651733,0.523804,-0.194397,-0.512939
1523080533797228,0.655029,0.527405,-0.192749,-0.505554
1523080533813230,0.658936,0.529236,-0.195923,-0.497314
1523080533836246,0.661804,0.529846,-0.200806,-0.490784
1523080533864266,0.6651,0.528564,-0.207153,-0.485107
1523080533873273,0.67041,0.527649,-0.211731,-0.476746
1523080533903293,0.675537,0.52832,-0.215576,-0.46698
1523080533917304,0.678284,0.528259,-0.222168,-0.4599
1523080533933305,0.680481,0.525635,-0.232239,-0.454651
1523080533956331,0.681946,0.521545,-0.244141,-0.450989
1523080533977353,0.684326,0.516235,-0.25354,-0.448242
1523080533991348,0.687805,0.511292,-0.261169,-0.444092
1523080534024371,0.691956,0.505432,-0.269958,-0.439087
1523080534037388,0.69635,0.498047,-0.280518,-0.43396
1523080534059394,0.69812,0.489929,-0.293335,-0.431885
1523080534076407,0.700745,0.483582,-0.305908,-0.426025
1523080534097423,0.704956,0.478333,-0.317505,-0.416382
1523080534113443,0.706665,0.47168,-0.328125,-0.412964
1523080534128454,0.707092,0.461914,-0.340698,-0.412903
1523080534148457,0.709839,0.445801,-0.355469,-0.413574
1523080534180494,0.712036,0.430298,-0.371033,-0.412476
1523080534194493,0.717041,0.419006,-0.382935,-0.404419
1523080534208501,0.719788,0.409912,-0.396118,-0.396118
1523080534240533,0.719849,0.400757,-0.410583,-0.390686
1523080534262538,0.718811,0.389282,-0.425964,-0.387695
1523080534271545,0.717957,0.376465,-0.441101,-0.384949
1523080534306586,0.718018,0.365356,-0.454651,-0.379761
1523080534315576,0.71814,0.355469,-0.46759,-0.37323
1523080534328586,0.716187,0.345398,-0.480835,-0.369507
1523080534352604,0.7146,0.332642,-0.494141,-0.366699
1523080534366613,0.714355,0.321167,-0.504822,-0.362915
1523080534388642,0.714294,0.310669,-0.514954,-0.357849
1523080534412659,0.715515,0.300537,-0.524292,-0.350586
1523080534426657,0.716858,0.293152,-0.533447,-0.340027
1523080534457697,0.717346,0.287415,-0.542358,-0.329651
1523080534479706,0.717651,0.281799,-0.550598,-0.320007
1523080534486711,0.718018,0.274231,-0.56012,-0.309021
1523080534524732,0.716553,0.265259,-0.571716,-0.298828
1523080534531745,0.713135,0.254028,-0.586487,-0.287964
1523080534546750,0.708313,0.243286,-0.602539,-0.275757
1523080534568776,0.701904,0.233215,-0.620178,-0.261414
1523080534591773,0.69043,0.22229,-0.641235,-0.250244
1523080534606810,0.674805,0.211304,-0.664734,-0.240967
1523080534630802,0.65741,0.204346,-0.688171,-0.229004
1523080534651826,0.639587,0.197571,-0.710266,-0.217712
1523080534666827,0.621521,0.187317,-0.731201,-0.209656
1523080534688855,0.605103,0.176758,-0.749329,-0.202759
1523080534712869,0.591492,0.167725,-0.763794,-0.196655
1523080534734884,0.580811,0.162231,-0.774231,-0.192261
1523080534749897,0.570679,0.1604,-0.783081,-0.188049
1523080534771901,0.560303,0.162354,-0.791077,-0.184204
1523080534785924,0.550049,0.167664,-0.797546,-0.182434
1523080534808926,0.541565,0.171509,-0.80188,-0.185303
1523080534831953,0.53595,0.173279,-0.804749,-0.1875
1523080534854969,0.532227,0.174011,-0.807129,-0.187134
1523080534869980,0.529724,0.172668,-0.809814,-0.183838
1523080534894026,0.526306,0.167969,-0.813843,-0.179993
1523080534906006,0.5224,0.163391,-0.818115,-0.176208
1523080534929023,0.517334,0.158997,-0.822693,-0.174011
1523080534952046,0.512451,0.153076,-0.826843,-0.17395
1523080534966048,0.507935,0.14624,-0.830811,-0.1745
1523080534990055,0.502869,0.144592,-0.834167,-0.1745
1523080535012082,0.499146,0.145752,-0.83606,-0.174927
1523080535029086,0.497314,0.145508,-0.836792,-0.177002
1523080535050100,0.497742,0.145203,-0.835876,-0.180359
1523080535072130,0.500793,0.147583,-0.833252,-0.181946
1523080535103143,0.504272,0.154175,-0.829773,-0.182678
1523080535117145,0.506226,0.162292,-0.82666,-0.184448
1523080535133157,0.508118,0.169312,-0.823425,-0.187439
1523080535146183,0.510315,0.176086,-0.819458,-0.192505
1523080535169194,0.513123,0.182312,-0.815063,-0.197815
1523080535191198,0.514832,0.186096,-0.811401,-0.204895
1523080535206222,0.515808,0.189575,-0.808594,-0.210083
1523080535229262,0.516479,0.192566,-0.806091,-0.215515
1523080535251276,0.5177,0.195923,-0.802856,-0.221313
1523080535266308,0.518433,0.199158,-0.800171,-0.226501
1523080535289303,0.518005,0.201233,-0.798645,-0.231079
1523080535311319,0.517761,0.200256,-0.797913,-0.234863
1523080535326338,0.516968,0.199951,-0.797852,-0.237061
1523080535349346,0.514526,0.199463,-0.799194,-0.238281
1523080535373364,0.510498,0.200073,-0.801331,-0.239319
1523080535386382,0.506348,0.198853,-0.803772,-0.240845
1523080535408389,0.502197,0.194397,-0.806641,-0.243652
1523080535431444,0.499939,0.188416,-0.808594,-0.246338
1523080535446454,0.499146,0.18158,-0.810181,-0.248047
1523080535468470,0.499939,0.17865,-0.810242,-0.248291
1523080535491476,0.500427,0.17749,-0.810425,-0.24762
1523080535506497,0.501221,0.177368,-0.810242,-0.246704
1523080535528513,0.50354,0.177185,-0.808838,-0.246582
1523080535551520,0.507629,0.175354,-0.806519,-0.247253
1523080535566530,0.512085,0.173889,-0.803894,-0.24762
1523080535588547,0.516479,0.174988,-0.801331,-0.245972
1523080535611572,0.519775,0.176331,-0.799011,-0.245605
1523080535626704,0.523376,0.175598,-0.796753,-0.245972
1523080535648598,0.527283,0.174316,-0.794373,-0.246094
1523080535671605,0.531372,0.173279,-0.79248,-0.244141
1523080535686629,0.535583,0.171387,-0.79071,-0.242004
1523080535708631,0.538635,0.168518,-0.789429,-0.241455
1523080535740670,0.541199,0.164185,-0.78833,-0.242188
1523080535746671,0.544128,0.160583,-0.787292,-0.241577
1523080535768686,0.547302,0.156128,-0.786072,-0.241333
1523080535791689,0.55011,0.151184,-0.785217,-0.240845
1523080535806713,0.551758,0.145935,-0.785034,-0.240967
1523080535828730,0.552734,0.140503,-0.785278,-0.240967
1523080535859758,0.553772,0.134827,-0.785583,-0.240906
1523080535866744,0.555237,0.128479,-0.785828,-0.240356
1523080535888772,0.557922,0.121765,-0.785034,-0.240173
1523080535911785,0.562073,0.11499,-0.783386,-0.239136
1523080535926795,0.567139,0.109314,-0.780884,-0.237915
1523080535948812,0.572571,0.10376,-0.777893,-0.237244
1523080535971855,0.576355,0.0980225,-0.775757,-0.237427
1523080535986856,0.580444,0.0936279,-0.77356,-0.236389
1523080536016859,0.582825,0.0913086,-0.772766,-0.234192
1523080536031861,0.585449,0.0870972,-0.771545,-0.233276
1523080536047873,0.587219,0.0812988,-0.770386,-0.234802
1523080536068896,0.587097,0.0752563,-0.77002,-0.238037
1523080536090907,0.587402,0.0704956,-0.769287,-0.241272
1523080536107914,0.589172,0.0681152,-0.767273,-0.244141
1523080536128939,0.591309,0.065979,-0.764771,-0.247192
1523080536150955,0.592346,0.0641479,-0.764404,-0.246277
1523080536167957,0.59375,0.0656128,-0.764404,-0.242615
1523080536188985,0.593933,0.0700684,-0.765015,-0.238953
1523080536210997,0.592407,0.0739136,-0.766296,-0.237488
1523080536228009,0.591064,0.0773926,-0.766907,-0.237854
1523080536249024,0.590271,0.0785522,-0.767334,-0.237976
1523080536280037,0.588623,0.0784302,-0.769165,-0.236328
1523080536295046,0.586304,0.0769653,-0.771851,-0.233521
1523080536309067,0.583252,0.0753174,-0.774902,-0.231628
1523080536331086,0.579956,0.0740967,-0.777588,-0.231506
1523080536348095,0.576965,0.0736084,-0.779785,-0.231567
1523080536369113,0.574646,0.0743408,-0.781616,-0.231018
1523080536399134,0.572327,0.0755615,-0.78302,-0.231506
1523080536415133,0.570679,0.0757446,-0.783936,-0.232422
1523080536429152,0.570496,0.0762329,-0.783997,-0.232666
1523080536451168,0.566284,0.0755005,-0.786926,-0.233215
1523080536468180,0.561768,0.0796509,-0.790344,-0.231323
1523080536489195,0.5578,0.0872192,-0.792542,-0.230652
1523080536511200,0.555115,0.0923462,-0.793823,-0.230652
1523080536528212,0.553101,0.0967407,-0.794739,-0.230469
1523080536552243,0.551697,0.101501,-0.795471,-0.229187
1523080536573264,0.551331,0.106445,-0.795166,-0.228882
1523080536588265,0.550781,0.110352,-0.794678,-0.230286
1523080536609280,0.549866,0.115356,-0.794006,-0.232239
1523080536631295,0.547913,0.121887,-0.793335,-0.235779
1523080536648430,0.545898,0.126648,-0.792542,-0.24054
1523080536677340,0.544006,0.130554,-0.792175,-0.243835
1523080536691329,0.54187,0.133911,-0.79248,-0.245789
1523080536708356,0.539246,0.137024,-0.793518,-0.24646
1523080536729380,0.536316,0.138672,-0.795044,-0.24707
1523080536751385,0.531982,0.139282,-0.797485,-0.24823
1523080536767383,0.527283,0.139648,-0.80011,-0.249634
1523080536789405,0.522217,0.139709,-0.803284,-0.25
1523080536837434,0.516418,0.137878,-0.807251,-0.250366
1523080536850441,0.510132,0.136963,-0.811462,-0.25
1523080536853444,0.503967,0.138,-0.815552,-0.248901
1523080536880479,0.498474,0.138123,-0.81897,-0.248474
1523080536889479,0.493286,0.137268,-0.822388,-0.248047
1523080536917489,0.490234,0.138123,-0.824402,-0.246948
1523080536925513,0.489441,0.139771,-0.82489,-0.245972
1523080536953524,0.489197,0.144287,-0.824524,-0.245056
1523080536971527,0.490723,0.14801,-0.822388,-0.246948
1523080537009554,0.494263,0.153687,-0.818665,-0.24884
1523080537013574,0.500977,0.161377,-0.812195,-0.25177
1523080537053596,0.51062,0.17157,-0.802856,-0.255493
1523080537062592,0.522034,0.183228,-0.790649,-0.262329
1523080537075601,0.535339,0.197083,-0.775146,-0.271484
1523080537097618,0.549316,0.211426,-0.757935,-0.281189
1523080537114648,0.562988,0.22821,-0.738953,-0.291321
1523080537126636,0.575989,0.247681,-0.718811,-0.300354
1523080537149664,0.588989,0.268005,-0.696533,-0.309998
1523080537171679,0.600525,0.286133,-0.673767,-0.321716
1523080537186690,0.611145,0.304016,-0.650085,-0.333801
1523080537209706,0.620728,0.320129,-0.626587,-0.345764
1523080537231723,0.629944,0.335449,-0.603638,-0.355225
1523080537248734,0.639587,0.350037,-0.581238,-0.361267
1523080537269749,0.650024,0.364014,-0.559204,-0.36377
1523080537291767,0.659058,0.380188,-0.537781,-0.363281
1523080537306765,0.666931,0.393921,-0.518677,-0.361938
1523080537329791,0.673218,0.401794,-0.503723,-0.362793
1523080537351797,0.679382,0.405762,-0.489746,-0.365967
1523080537374830,0.686157,0.40686,-0.47699,-0.368896
1523080537390826,0.693604,0.407593,-0.465149,-0.369385
1523080537412854,0.702148,0.409241,-0.454651,-0.364441
1523080537429852,0.710815,0.412659,-0.444946,-0.355591
1523080537449880,0.716736,0.417053,-0.437073,-0.348206
1523080537471882,0.718384,0.418945,-0.433533,-0.347046
1523080537502905,0.718323,0.418579,-0.432129,-0.349304
1523080537509909,0.718384,0.418396,-0.431274,-0.350525
1523080537531939,0.719177,0.418579,-0.431274,-0.348694
1523080537546939,0.720825,0.418335,-0.432007,-0.344604
1523080537569951,0.721375,0.416626,-0.434082,-0.343018
1523080537591969,0.72113,0.413452,-0.436768,-0.343933
1523080537606978,0.721924,0.410339,-0.438599,-0.343567
1523080537629994,0.72229,0.408447,-0.44165,-0.341248
1523080537652011,0.722839,0.406189,-0.445007,-0.338257
1523080537667035,0.723877,0.401672,-0.448975,-0.336304
1523080537689050,0.724243,0.394348,-0.455139,-0.335815
1523080537712070,0.726074,0.385559,-0.459717,-0.335938
1523080537727078,0.727844,0.376404,-0.462891,-0.338074
1523080537750080,0.729736,0.36731,-0.466248,-0.339355
1523080537772106,0.731262,0.361389,-0.469421,-0.338074
1523080537787107,0.732605,0.357544,-0.472046,-0.335632
1523080537809142,0.733154,0.353271,-0.475342,-0.33429
1523080537825134,0.733398,0.349182,-0.478882,-0.332886
1523080537847162,0.734009,0.346375,-0.481995,-0.330017
1523080537869165,0.734253,0.34668,-0.484314,-0.325806
1523080537885175,0.73468,0.34845,-0.485657,-0.320862
1523080537907199,0.735352,0.34906,-0.486084,-0.317993
1523080537929223,0.73584,0.348694,-0.486023,-0.317322
1523080537945218,0.73584,0.348206,-0.486084,-0.31781
1523080537967235,0.736206,0.348511,-0.484802,-0.318604
1523080537989251,0.738586,0.349426,-0.47998,-0.319397
1523080538005263,0.741882,0.350647,-0.472656,-0.321228
1523080538028277,0.744873,0.352783,-0.464844,-0.323425
1523080538049309,0.746948,0.356018,-0.458008,-0.324829
1523080538065305,0.74823,0.358948,-0.45282,-0.325989
1523080538088320,0.748718,0.360779,-0.450012,-0.326721
1523080538109345,0.74707,0.360657,-0.450745,-0.329651
1523080538125347,0.743591,0.35675,-0.456299,-0.333984
1523080538148362,0.738586,0.349854,-0.465576,-0.339539
1523080538169391,0.733765,0.339661,-0.478027,-0.343079
1523080538185391,0.72937,0.327637,-0.493042,-0.342896
1523080538208407,0.725647,0.316223,-0.509338,-0.337646
1523080538229430,0.723938,0.309143,-0.523193,-0.326477
1523080538245432,0.721191,0.308044,-0.534973,-0.314331
1523080538268449,0.711853,0.313293,-0.547119,-0.309448
1523080538289463,0.699402,0.322266,-0.559143,-0.307068
1523080538305475,0.687256,0.336121,-0.567566,-0.304199
1523080538328490,0.679932,0.358826,-0.566467,-0.296692
1523080538357686,0.672668,0.385681,-0.561279,-0.289368
1523080538365531,0.665649,0.414063,-0.552979,-0.282166
1523080538388540,0.656494,0.439148,-0.546631,-0.278198
1523080538409548,0.645935,0.457458,-0.540588,-0.285034
1523080538425570,0.641907,0.464172,-0.537109,-0.289795
1523080538448592,0.644104,0.465698,-0.534302,-0.287659
1523080538469590,0.648438,0.463562,-0.533813,-0.282349
1523080538485609,0.649658,0.456726,-0.538879,-0.280945
1523080538515654,0.648438,0.442871,-0.547668,-0.288818
1523080538529645,0.652344,0.420349,-0.556763,-0.296204
1523080538545655,0.656433,0.397217,-0.563904,-0.305542
1523080538568662,0.659546,0.376953,-0.569275,-0.314453
1523080538589693,0.662415,0.357056,-0.573364,-0.323975
1523080538605707,0.666626,0.336365,-0.574585,-0.335205
1523080538635708,0.674744,0.319702,-0.56958,-0.343567
1523080538649729,0.684509,0.310486,-0.559326,-0.34967
1523080538665747,0.695068,0.306335,-0.54364,-0.357117
1523080538688747,0.703979,0.300415,-0.530029,-0.364929
1523080538709892,0.716736,0.301086,-0.511414,-0.366211
1523080538725774,0.728088,0.302185,-0.49353,-0.367371
1523080538748799,0.736877,0.301941,-0.478333,-0.370178
1523080538769815,0.741577,0.301208,-0.468933,-0.373413
1523080538793832,0.743225,0.30304,-0.463562,-0.375305
1523080538808842,0.740356,0.306946,-0.462646,-0.378967
1523080538829857,0.735535,0.31073,-0.464966,-0.382385
1523080538845858,0.729553,0.315491,-0.47052,-0.383179
1523080538868888,0.72467,0.321106,-0.4776,-0.378967
1523080538889889,0.71936,0.326965,-0.487976,-0.370728
1523080538913917,0.713928,0.331665,-0.499146,-0.362122
1523080538927917,0.708069,0.3349,-0.512512,-0.351807
1523080538949942,0.702698,0.336731,-0.527161,-0.33905
1523080538964953,0.697815,0.339172,-0.541382,-0.323853
1523080538987959,0.691956,0.34198,-0.555481,-0.309326
1523080539010977,0.683105,0.343933,-0.570435,-0.299438
1523080539024999,0.671509,0.348267,-0.584778,-0.292969
1523080539048014,0.65863,0.357117,-0.596375,-0.288147
1523080539071019,0.645386,0.369873,-0.60498,-0.283997
1523080539085051,0.633972,0.387268,-0.607849,-0.280273
1523080539108055,0.622681,0.407166,-0.607361,-0.278503
1523080539131061,0.607849,0.427673,-0.607422,-0.280579
1523080539152092,0.592957,0.446045,-0.606628,-0.285461
1523080539168088,0.580933,0.460144,-0.603638,-0.293823
1523080539191105,0.57605,0.460205,-0.604492,-0.301575
1523080539212139,0.577332,0.464966,-0.599121,-0.302612
1523080539228143,0.579224,0.460449,-0.601318,-0.301514
1523080539251151,0.581787,0.45282,-0.607788,-0.295044
1523080539272180,0.591187,0.438538,-0.615173,-0.282349
1523080539288188,0.603271,0.418396,-0.621094,-0.274231
1523080539311199,0.616638,0.396729,-0.624573,-0.26886
1523080539332213,0.630188,0.376343,-0.625671,-0.264099
1523080539348219,0.644104,0.358154,-0.623779,-0.260315
1523080539371233,0.659607,0.341492,-0.61908,-0.255066
1523080539392294,0.67688,0.325256,-0.611938,-0.248108
1523080539408305,0.695618,0.307617,-0.602295,-0.242432
1523080539431322,0.714355,0.288513,-0.591187,-0.238647
1523080539452336,0.733154,0.268616,-0.578369,-0.236206
1523080539468334,0.752563,0.249329,-0.562256,-0.235229
1523080539491361,0.77124,0.232605,-0.54364,-0.235718
1523080539512379,0.789246,0.22113,-0.522522,-0.234863
1523080539528379,0.804565,0.217102,-0.50116,-0.233154
1523080539551407,0.815979,0.221619,-0.480347,-0.233032
1523080539572410,0.824524,0.230042,-0.459717,-0.23645
1523080539588420,0.829224,0.242737,-0.440796,-0.243164
1523080539611449,0.830627,0.261536,-0.424011,-0.248718
1523080539632464,0.828857,0.285339,-0.410645,-0.250793
1523080539647475,0.825256,0.309448,-0.398926,-0.253052
1523080539671489,0.81958,0.329956,-0.392273,-0.255981
1523080539692507,0.808655,0.340942,-0.403442,-0.259033
1523080539707515,0.796692,0.345764,-0.421875,-0.260315
1523080539731531,0.786133,0.339661,-0.44458,-0.262573
1523080539759551,0.776611,0.327332,-0.467529,-0.266541
1523080539767547,0.767395,0.311279,-0.491272,-0.27002
1523080539791563,0.759155,0.293518,-0.514587,-0.269592
1523080539812578,0.753052,0.279968,-0.534912,-0.261353
1523080539827599,0.747498,0.272278,-0.552734,-0.248169
1523080539850616,0.738342,0.26355,-0.572144,-0.240845
1523080539872623,0.728394,0.256348,-0.589172,-0.237793
1523080539887645,0.716919,0.255493,-0.603577,-0.237549
1523080539910659,0.704102,0.260925,-0.615051,-0.24054
1523080539933669,0.693115,0.275513,-0.619141,-0.245544
1523080539947675,0.678955,0.295959,-0.621155,-0.256042
1523080539970691,0.666077,0.323303,-0.616394,-0.268127
1523080539993721,0.657593,0.351379,-0.607178,-0.27478
1523080540007717,0.653564,0.376709,-0.596008,-0.275208
1523080540036752,0.650024,0.399414,-0.583374,-0.278564
1523080540053764,0.646729,0.411743,-0.576477,-0.282593
1523080540074775,0.645081,0.415588,-0.574585,-0.284607
1523080540090792,0.64624,0.416016,-0.57312,-0.284302
1523080540113809,0.650208,0.413757,-0.57074,-0.283325
1523080540134821,0.654907,0.409363,-0.567749,-0.284851
1523080540158838,0.659119,0.403076,-0.56488,-0.289795
1523080540180843,0.664612,0.394226,-0.56073,-0.297302
1523080540194889,0.67157,0.386047,-0.552856,-0.307068
1523080540210906,0.679016,0.378357,-0.541443,-0.320313
1523080540233917,0.686462,0.371582,-0.525635,-0.338135
1523080540254937,0.693176,0.368958,-0.506592,-0.355957
1523080540270106,0.699341,0.372375,-0.484375,-0.370972
1523080540285943,0.705078,0.382568,-0.458252,-0.382751
1523080540305957,0.709778,0.397156,-0.429993,-0.391968
1523080540329986,0.714111,0.410828,-0.404358,-0.397156
1523080540343995,0.721191,0.419189,-0.382141,-0.397705
1523080540367002,0.729065,0.421753,-0.365784,-0.395996
1523080540390037,0.737793,0.420837,-0.35907,-0.38678
1523080540404041,0.745239,0.418884,-0.364258,-0.369324
1523080540426044,0.747192,0.417419,-0.379333,-0.351501
1523080540458081,0.741699,0.416748,-0.398621,-0.342407
1523080540464086,0.731567,0.416199,-0.41803,-0.341675
1523080540486096,0.719482,0.414124,-0.438599,-0.344238
1523080540510102,0.705811,0.414185,-0.457397,-0.3479
1523080540524127,0.691956,0.416321,-0.474731,-0.350098
1523080540546138,0.677979,0.419006,-0.49115,-0.351379
1523080540578165,0.664124,0.421936,-0.50647,-0.352661
1523080540584169,0.648926,0.42334,-0.521667,-0.357117
1523080540606181,0.633423,0.422363,-0.536377,-0.364319
1523080540629197,0.617676,0.417053,-0.552429,-0.373352
1523080540644218,0.599365,0.409119,-0.570984,-0.38385
1523080540666227,0.578247,0.39856,-0.591614,-0.395874
1523080540689240,0.555603,0.384277,-0.612915,-0.409851
1523080540704254,0.53656,0.365845,-0.631836,-0.423096
1523080540735276,0.519592,0.34552,-0.650513,-0.433044
1523080540749286,0.503967,0.319519,-0.670898,-0.440308
1523080540764297,0.49231,0.287231,-0.69165,-0.443604
1523080540788320,0.484375,0.250244,-0.711792,-0.442871
1523080540809316,0.479309,0.213074,-0.731384,-0.435852
1523080540824327,0.475708,0.177917,-0.750854,-0.422241
1523080540846355,0.470215,0.143982,-0.771301,-0.404053
1523080540869371,0.46228,0.11145,-0.792603,-0.381775
1523080540884369,0.452271,0.0809937,-0.812012,-0.359924
1523080540906384,0.440857,0.0516968,-0.829346,-0.339355
1523080540929411,0.427063,0.020813,-0.845703,-0.319458
1523080540945418,0.412964,-0.00744629,-0.859619,-0.30072
1523080540966426,0.400085,-0.029541,-0.871094,-0.283447
1523080541000452,0.387878,-0.0498657,-0.880615,-0.267578
1523080541013462,0.376282,-0.0657349,-0.888794,-0.253296
1523080541035476,0.36377,-0.0748901,-0.896057,-0.243286
1523080541049487,0.351685,-0.0800171,-0.901611,-0.238953
1523080541063510,0.340881,-0.0852051,-0.904541,-0.241699
1523080541086523,0.331177,-0.0886841,-0.90564,-0.249695
1523080541117544,0.323242,-0.0870972,-0.905396,-0.261292
1523080541132555,0.315613,-0.0805664,-0.904053,-0.276855
1523080541146557,0.309387,-0.0775757,-0.900574,-0.295471
1523080541169571,0.304871,-0.0758667,-0.895325,-0.315796
1523080541183595,0.302063,-0.0739746,-0.888733,-0.336914
1523080541206611,0.30011,-0.0739746,-0.881104,-0.358032
1523080541229623,0.299011,-0.0776367,-0.872437,-0.378784
1523080541252640,0.300476,-0.0819092,-0.863464,-0.396851
1523080541276648,0.306702,-0.0897827,-0.854248,-0.410156
1523080541289670,0.313965,-0.0973511,-0.846008,-0.419861
1523080541320692,0.322327,-0.105286,-0.838867,-0.425903
1523080541326696,0.33197,-0.113342,-0.833069,-0.427856
1523080541357704,0.342407,-0.121582,-0.828369,-0.426392
1523080541363723,0.353027,-0.127136,-0.824829,-0.423035
1523080541395732,0.364258,-0.12915,-0.82196,-0.418457
1523080541409755,0.375916,-0.129517,-0.819458,-0.412842
1523080541431771,0.38855,-0.127502,-0.817322,-0.406067
1523080541446781,0.401245,-0.122192,-0.81543,-0.399048
1523080541469811,0.412781,-0.113586,-0.813904,-0.392883
1523080541483804,0.424377,-0.10083,-0.812073,-0.387695
1523080541506821,0.433899,-0.0843506,-0.810791,-0.38385
1523080541522822,0.441833,-0.0653076,-0.808899,-0.382385
1523080541551856,0.448669,-0.0440063,-0.805969,-0.383728
1523080541566856,0.453979,-0.0200806,-0.80072,-0.390442
1523080541581877,0.459534,-0.00109863,-0.793152,-0.399719
1523080541603893,0.463013,0.0149536,-0.783691,-0.413879
1523080541626909,0.465088,0.0317993,-0.772156,-0.431824
1523080541641908,0.465881,0.0490723,-0.758423,-0.453247
1523080541671927,0.465088,0.0621948,-0.744934,-0.474304
1523080541686952,0.463867,0.0732422,-0.732361,-0.493042
1523080541701956,0.461975,0.0829468,-0.720642,-0.510376
1523080541723964,0.459412,0.0892944,-0.709656,-0.526733
1523080541745990,0.453918,0.0917358,-0.698547,-0.545532
1523080541762992,0.447205,0.0892944,-0.688782,-0.563599
1523080541792026,0.441711,0.0887451,-0.679382,-0.579224
1523080541807037,0.436523,0.0887451,-0.671326,-0.592346
1523080541824073,0.43396,0.0894775,-0.663452,-0.602966
1523080541847062,0.431519,0.0900879,-0.655823,-0.612915
1523080541866076,0.42865,0.0906372,-0.649414,-0.621521
1523080541883091,0.424683,0.0921021,-0.64325,-0.630493
1523080541904112,0.418823,0.0958862,-0.637024,-0.640076
1523080541926109,0.410583,0.0983887,-0.632996,-0.648926
1523080541950135,0.401733,0.100708,-0.632019,-0.655029
1523080541967151,0.39502,0.104675,-0.633301,-0.657288
1523080541986165,0.390564,0.110718,-0.636108,-0.656189
1523080542003173,0.386902,0.115479,-0.64093,-0.652832
1523080542024194,0.385071,0.119446,-0.647339,-0.646912
1523080542046194,0.385315,0.122009,-0.654541,-0.638916
1523080542063219,0.387878,0.123596,-0.661865,-0.629517
1523080542084227,0.390686,0.123962,-0.66864,-0.620483
1523080542106250,0.392395,0.123047,-0.675232,-0.612366
1523080542124249,0.393127,0.120483,-0.682007,-0.604858
1523080542144264,0.3927,0.115784,-0.688904,-0.598206
1523080542166281,0.392883,0.110535,-0.695374,-0.591492
1523080542189296,0.392578,0.106628,-0.701904,-0.584717
1523080542204309,0.391235,0.10376,-0.708618,-0.577942
1523080542226332,0.387695,0.101135,-0.716309,-0.57135
1523080542244335,0.382507,0.0957031,-0.724548,-0.565308
1523080542264358,0.375854,0.0861816,-0.732483,-0.561096
1523080542286378,0.369812,0.0747681,-0.739868,-0.557068
1523080542303409,0.365234,0.0648804,-0.746704,-0.552185
1523080542324391,0.361755,0.0574341,-0.752869,-0.546875
1523080542346419,0.358826,0.0495605,-0.75885,-0.541321
1523080542363440,0.357117,0.0404663,-0.763855,-0.536133
1523080542386449,0.35614,0.0303345,-0.767822,-0.531738
1523080542406459,0.355164,0.019165,-0.771118,-0.528198
1523080542422472,0.354675,0.00909424,-0.773621,-0.525085
1523080542444501,0.354797,0.00109863,-0.775696,-0.521973
1523080542466541,0.355347,-0.00622559,-0.777161,-0.519348
1523080542491555,0.355469,-0.0133667,-0.778198,-0.517578
1523080542506588,0.354736,-0.0206909,-0.778931,-0.516785
1523080542542620,0.353577,-0.0271606,-0.779236,-0.516846
1523080542548625,0.3526,-0.0314331,-0.779236,-0.517273
1523080542563635,0.350281,-0.0358887,-0.779907,-0.517517
1523080542586682,0.347656,-0.0388794,-0.780334,-0.518433
1523080542602684,0.344666,-0.0413208,-0.780273,-0.520325
1523080542626702,0.342773,-0.0435181,-0.779358,-0.522827
1523080542646725,0.342285,-0.0458984,-0.777527,-0.525574
1523080542662735,0.342285,-0.0483398,-0.77533,-0.528625
1523080542701768,0.343079,-0.0500488,-0.772949,-0.531433
1523080542707760,0.344971,-0.0519409,-0.770142,-0.534058
1523080542730776,0.349121,-0.0531616,-0.766357,-0.536621
1523080542745799,0.356384,-0.0523682,-0.760803,-0.539856
1523080542785828,0.365479,-0.0515137,-0.753662,-0.543884
1523080542798834,0.374756,-0.0522461,-0.745728,-0.548401
1523080542805839,0.386169,-0.0532837,-0.735413,-0.554321
1523080542827012,0.400269,-0.0547485,-0.721436,-0.562439
1523080542842854,0.41803,-0.052002,-0.702332,-0.573914
1523080542865871,0.439331,-0.0465698,-0.674194,-0.591919
1523080542886906,0.449158,-0.0338745,-0.637634,-0.624939
1523080542902917,0.440674,-0.0438843,-0.697449,-0.563477
1523080542926924,0.450684,-0.0422974,-0.721619,-0.523804
1523080542954941,0.449219,-0.0314941,-0.712769,-0.537781
1523080542970945,0.44397,-0.0181885,-0.718628,-0.534973
1523080542985957,0.433716,-0.00683594,-0.705322,-0.56073
1523080543006985,0.418091,0.00134277,-0.703918,-0.574219
1523080543022982,0.402832,0.0142212,-0.71521,-0.570984
1523080543046021,0.38446,0.0159912,-0.728943,-0.566284
1523080543075029,0.36377,0.0209351,-0.744995,-0.558777
1523080543083035,0.340698,0.022644,-0.76416,-0.547302
1523080543105052,0.31897,0.0267334,-0.78363,-0.532471
1523080543126065,0.302979,0.0384521,-0.802368,-0.512817
1523080543143074,0.291321,0.0567017,-0.818726,-0.491577
1523080543165119,0.282104,0.0782471,-0.833923,-0.467834
1523080543186108,0.269775,0.0933228,-0.850159,-0.442505
1523080543209125,0.255066,0.0983276,-0.866089,-0.418579
1523080543233142,0.244812,0.103088,-0.880249,-0.393311
1523080543246151,0.241882,0.122864,-0.889465,-0.367859
1523080543263163,0.241089,0.152283,-0.894287,-0.344971
1523080543285169,0.235718,0.177429,-0.897949,-0.326721
1523080543306194,0.228943,0.198853,-0.900452,-0.31189
1523080543323206,0.224915,0.225647,-0.898926,-0.300842
1523080543353218,0.22467,0.259155,-0.892517,-0.292908
1523080543366240,0.225952,0.299377,-0.881226,-0.287842
1523080543383252,0.224792,0.3396,-0.867554,-0.285583
1523080543404254,0.224121,0.376526,-0.851318,-0.288635
1523080543427270,0.227661,0.414734,-0.831543,-0.291077
1523080543442282,0.240234,0.44696,-0.811035,-0.291077
1523080543464309,0.259338,0.468567,-0.792542,-0.291687
1523080543487328,0.27948,0.486328,-0.773682,-0.294556
1523080543509342,0.299683,0.505371,-0.752136,-0.298584
1523080543524352,0.324524,0.527954,-0.724792,-0.301086
1523080543547364,0.357422,0.545044,-0.694946,-0.30365
1523080543562381,0.395569,0.548828,-0.66748,-0.311035
1523080543584391,0.433411,0.542236,-0.642456,-0.324524
1523080543607407,0.466614,0.535461,-0.616394,-0.339966
1523080543622418,0.497253,0.535461,-0.586548,-0.349304
1523080543659444,0.526794,0.539795,-0.552612,-0.354492
1523080543668440,0.557495,0.538147,-0.518372,-0.361755
1523080543683451,0.585083,0.52948,-0.487061,-0.374268
1523080543704468,0.607971,0.514587,-0.462646,-0.389221
1523080543727496,0.62793,0.496338,-0.446899,-0.399536
1523080543743494,0.650085,0.477173,-0.440369,-0.394653
1523080543764508,0.673279,0.452271,-0.442139,-0.382935
1523080543788528,0.688721,0.418701,-0.452271,-0.381897
1523080543803536,0.700684,0.386169,-0.466431,-0.377319
1523080543824553,0.712402,0.362061,-0.477234,-0.365601
1523080543847581,0.722656,0.341431,-0.487305,-0.351746
1523080543863579,0.730835,0.321167,-0.497253,-0.339844
1523080543884596,0.738098,0.301453,-0.505249,-0.3302
1523080543907620,0.745117,0.283386,-0.510315,-0.322571
1523080543923621,0.751709,0.267944,-0.513184,-0.315918
1523080543944647,0.758667,0.256287,-0.513367,-0.308594
1523080543967676,0.766541,0.249878,-0.509583,-0.300537
1523080543983675,0.775269,0.247925,-0.502014,-0.292297
1523080544004679,0.784424,0.250854,-0.490723,-0.284546
1523080544026696,0.792664,0.258606,-0.476135,-0.27948
1523080544043727,0.801514,0.271301,-0.457947,-0.272461
1523080544065723,0.808777,0.292908,-0.437561,-0.262024
1523080544086739,0.813965,0.318115,-0.415344,-0.252441
1523080544103754,0.814819,0.339355,-0.395386,-0.25415
1523080544124926,0.806702,0.355103,-0.385193,-0.273438
1523080544146781,0.795532,0.367554,-0.380371,-0.295593
1523080544163806,0.781311,0.37854,-0.384644,-0.313538
1523080544185808,0.766296,0.391113,-0.395325,-0.321777
1523080544206833,0.750061,0.397949,-0.415283,-0.326416
1523080544223845,0.733276,0.407654,-0.439148,-0.32135
1523080544244860,0.714172,0.418457,-0.467651,-0.310059
1523080544266876,0.694946,0.417542,-0.502075,-0.300964
1523080544283888,0.67572,0.409607,-0.539856,-0.290222
1523080544304892,0.657898,0.392944,-0.579651,-0.277161
1523080544326922,0.64386,0.363892,-0.620178,-0.261536
1523080544343922,0.635071,0.320618,-0.65863,-0.245239
1523080544364949,0.633789,0.265381,-0.688538,-0.231812
1523080544394957,0.639587,0.201721,-0.707764,-0.222046
1523080544403964,0.651733,0.139709,-0.71405,-0.214233
1523080544442003,0.671265,0.0828247,-0.706848,-0.207092
1523080544447007,0.693726,0.0396729,-0.690491,-0.200928
1523080544464006,0.71875,0.0143433,-0.667175,-0.195068
1523080544485031,0.743042,0.0100708,-0.641357,-0.19104
1523080544507046,0.762878,0.0239258,-0.617188,-0.191162
1523080544524059,0.776367,0.050354,-0.595398,-0.2005
1523080544545073,0.783203,0.0788574,-0.573853,-0.225952
1523080544567094,0.779968,0.111694,-0.553406,-0.269958
1523080544583091,0.765259,0.1474,-0.537842,-0.321472
1523080544606107,0.734436,0.187317,-0.530457,-0.379578
1523080544627135,0.691833,0.238037,-0.537903,-0.418762
1523080544643133,0.643066,0.286743,-0.557251,-0.440186
1523080544666149,0.592957,0.327515,-0.582275,-0.449524
1523080544687164,0.547974,0.364685,-0.611877,-0.438538
1523080544703181,0.51062,0.387329,-0.643921,-0.417908
1523080544726192,0.487061,0.392273,-0.678528,-0.385315
1523080544763239,0.477539,0.375366,-0.714661,-0.346802
1523080544766220,0.479736,0.340149,-0.748535,-0.306335
1523080544786254,0.492615,0.28833,-0.776367,-0.267273
1523080544807263,0.51709,0.224182,-0.792542,-0.23291
1523080544823261,0.552979,0.156555,-0.792664,-0.203491
1523080544846288,0.595825,0.0927734,-0.778076,-0.176086
1523080544867302,0.640503,0.0442505,-0.752136,-0.148621
1523080544883304,0.68457,0.0114136,-0.717957,-0.12561
1523080544906336,0.726563,0.00128174,-0.678894,-0.105896
1523080544927348,0.761719,0.0111694,-0.64093,-0.0939331
1523080544943362,0.789429,0.0297241,-0.606079,-0.0925293
1523080544966372,0.811951,0.0567627,-0.571411,-0.104858
1523080544987377,0.825195,0.0900269,-0.540649,-0.136292
1523080545003389,0.824463,0.129639,-0.51886,-0.184998
1523080545026406,0.810303,0.168091,-0.502197,-0.250916
1523080545047430,0.776917,0.20874,-0.501038,-0.319031
1523080545063444,0.732727,0.259949,-0.513062,-0.36377
1523080545086448,0.681763,0.302795,-0.532166,-0.400391
1523080545107476,0.621094,0.336487,-0.564087,-0.427673
1523080545123481,0.559265,0.368225,-0.59906,-0.439087
1523080545146500,0.504761,0.408386,-0.624573,-0.434021
1523080545174524,0.455811,0.4552,-0.640625,-0.417908
1523080545183518,0.416199,0.485474,-0.658691,-0.396545
1523080545206546,0.391785,0.487,-0.68512,-0.374084
1523080545227561,0.385254,0.47345,-0.712524,-0.346008
1523080545242559,0.391113,0.455994,-0.735229,-0.313965
1523080545266576,0.406494,0.429138,-0.755249,-0.283264
1523080545294605,0.431091,0.381042,-0.774658,-0.26239
1523080545302603,0.468018,0.314209,-0.786926,-0.251038
1523080545326649,0.513977,0.24585,-0.786987,-0.236755
1523080545347656,0.564026,0.181335,-0.77594,-0.216492
1523080545362657,0.614197,0.118347,-0.754822,-0.19751
1523080545386671,0.660889,0.0610352,-0.725586,-0.181641
1523080545407695,0.703491,0.019043,-0.691162,-0.164368
1523080545422686,0.742432,0.00323486,-0.654114,-0.144653
1523080545453708,0.775818,0.0109863,-0.618225,-0.125793
1523080545466727,0.803223,0.0283813,-0.583313,-0.117432
1523080545482729,0.824768,0.0446777,-0.548706,-0.129028
1523080545505756,0.838867,0.0621948,-0.516602,-0.159729
1523080545526799,0.842651,0.0878296,-0.489807,-0.205688
1523080545542801,0.832153,0.121948,-0.47522,-0.258423
1523080545573823,0.813538,0.168091,-0.468384,-0.300781
1523080545588834,0.786316,0.218628,-0.46875,-0.337891
1523080545602843,0.751831,0.267334,-0.476868,-0.368591
1523080545625873,0.713623,0.317749,-0.489807,-0.387085
1523080545648886,0.676575,0.374146,-0.498413,-0.392273
1523080545669892,0.641785,0.433838,-0.499817,-0.387451
1523080545685903,0.612793,0.48407,-0.49762,-0.377502
1523080545708919,0.591064,0.516968,-0.497986,-0.367981
1523080545730935,0.57428,0.535645,-0.502258,-0.362
1523080545745956,0.562927,0.552124,-0.503052,-0.353821
1523080545768977,0.559387,0.573181,-0.493408,-0.339294
1523080545789986,0.564697,0.592773,-0.477722,-0.318604
1523080545806021,0.572815,0.603333,-0.465698,-0.301453
1523080545829005,0.577087,0.604553,-0.462097,-0.296509
1523080545851021,0.579651,0.601318,-0.462524,-0.297485
1523080545866030,0.583557,0.596436,-0.461182,-0.301636
1523080545889046,0.592224,0.586548,-0.458801,-0.3078
1523080545910063,0.600708,0.573181,-0.458557,-0.316772
1523080545925082,0.606079,0.559875,-0.460266,-0.327637
1523080545956096,0.610229,0.545349,-0.463379,-0.339783
1523080545970104,0.618042,0.530823,-0.463562,-0.348328
1523080545985125,0.629028,0.514526,-0.461121,-0.356323
1523080546009133,0.641846,0.494934,-0.458557,-0.364319
1523080546030173,0.65509,0.474121,-0.455322,-0.372314
1523080546045158,0.668518,0.45282,-0.452454,-0.37854
1523080546069174,0.682617,0.432068,-0.447876,-0.383118
1523080546090207,0.696899,0.412231,-0.440857,-0.387268
1523080546105202,0.711182,0.393738,-0.43219,-0.39032
1523080546129218,0.72522,0.37677,-0.422058,-0.392334
1523080546149262,0.739441,0.363037,-0.409973,-0.391541
1523080546165243,0.753601,0.353333,-0.396118,-0.387695
1523080546188303,0.76886,0.346375,-0.381287,-0.378784
1523080546209319,0.782104,0.340942,-0.368713,-0.368896
1523080546225324,0.793396,0.335083,-0.358215,-0.360352
1523080546249345,0.800598,0.326782,-0.351501,-0.358643
1523080546269350,0.804565,0.316711,-0.345825,-0.364441
1523080546294378,0.807373,0.30719,-0.341919,-0.369873
1523080546308379,0.806885,0.304626,-0.344177,-0.371094
1523080546329392,0.805237,0.310669,-0.347046,-0.367004
1523080546361428,0.800171,0.322449,-0.352051,-0.362976
1523080546368421,0.791748,0.335815,-0.360413,-0.361145
1523080546389435,0.781189,0.352966,-0.37085,-0.357239
1523080546405446,0.770203,0.373535,-0.381775,-0.348511
1523080546428462,0.75769,0.394653,-0.394836,-0.338013
1523080546449491,0.7453,0.413025,-0.408142,-0.327637
1523080546465489,0.733154,0.428223,-0.421631,-0.318298
1523080546488521,0.721191,0.442139,-0.433838,-0.310059
1523080546511532,0.709473,0.455933,-0.444092,-0.302612
1523080546525536,0.69751,0.469788,-0.452454,-0.296631
1523080546539550,0.684753,0.484497,-0.457764,-0.294617
1523080546562572,0.67157,0.498108,-0.461243,-0.296814
1523080546584583,0.659058,0.51239,-0.460388,-0.301758
1523080546598600,0.647888,0.528137,-0.455078,-0.306885
1523080546621610,0.638611,0.544861,-0.444702,-0.312317
1523080546644616,0.630981,0.558899,-0.433228,-0.319092
1523080546658626,0.625305,0.567993,-0.423523,-0.327148
1523080546682644,0.624207,0.569702,-0.418457,-0.332703
1523080546704658,0.627136,0.569214,-0.414856,-0.332458
1523080546718670,0.633545,0.56665,-0.412476,-0.327759
1523080546741698,0.643372,0.559021,-0.414001,-0.319641
1523080546764711,0.655273,0.545837,-0.419983,-0.310181
1523080546778722,0.666992,0.526489,-0.431152,-0.303345
1523080546801727,0.677551,0.504822,-0.443726,-0.298584
1523080546824755,0.686462,0.485413,-0.455322,-0.292786
1523080546840765,0.694519,0.469055,-0.465637,-0.284241
1523080546861780,0.702393,0.453552,-0.474609,-0.274963
1523080546884787,0.7099,0.437195,-0.482483,-0.268616
1523080546898810,0.717285,0.419312,-0.489136,-0.265381
1523080546921826,0.724976,0.404297,-0.49231,-0.26178
1523080546944839,0.732056,0.392578,-0.49353,-0.257751
1523080546960851,0.738281,0.38269,-0.49353,-0.254761
1523080546981866,0.743591,0.373962,-0.492493,-0.254395
1523080547003910,0.748657,0.366333,-0.490112,-0.255188
1523080547018910,0.751892,0.361694,-0.487488,-0.257263
1523080547041927,0.753235,0.358765,-0.485474,-0.261108
1523080547064944,0.752869,0.356445,-0.485291,-0.265686
1523080547078953,0.751221,0.356934,-0.487,-0.266479
1523080547101970,0.747253,0.360657,-0.491638,-0.264282
1523080547124986,0.74115,0.364685,-0.499268,-0.261475
1523080547139008,0.734619,0.366638,-0.508606,-0.259277
1523080547162044,0.729065,0.366882,-0.518372,-0.255249
1523080547185029,0.723022,0.368896,-0.528442,-0.248657
1523080547199039,0.716003,0.371399,-0.539307,-0.241943
1523080547222062,0.709106,0.37323,-0.549805,-0.235718
1523080547245071,0.703247,0.374939,-0.558716,-0.229431
1523080547259084,0.697876,0.376953,-0.566528,-0.223328
1523080547282098,0.692993,0.377686,-0.573975,-0.21814
1523080547305115,0.689514,0.377075,-0.580566,-0.212891
1523080547319126,0.687378,0.377136,-0.585144,-0.207153
1523080547341142,0.686768,0.378052,-0.587402,-0.200989
1523080547365157,0.687927,0.379761,-0.587341,-0.193726
1523080547379166,0.687927,0.379395,-0.588745,-0.190063
1523080547401182,0.687927,0.379761,-0.589417,-0.187317
1523080547425211,0.686523,0.386292,-0.587769,-0.184326
1523080547439210,0.686951,0.394287,-0.583862,-0.178223
1523080547461225,0.690979,0.403992,-0.57489,-0.169739
1523080547484241,0.695801,0.413818,-0.56488,-0.159546
1523080547499252,0.698364,0.419373,-0.558777,-0.155334
1523080547521267,0.700195,0.419739,-0.556458,-0.154663
1523080547544284,0.701477,0.41925,-0.554993,-0.155029
1523080547559296,0.702576,0.418335,-0.55365,-0.157532
1523080547581310,0.703491,0.41626,-0.552917,-0.161438
1523080547604328,0.70459,0.41449,-0.552124,-0.164124
1523080547619337,0.705444,0.413879,-0.550842,-0.166016
1523080547641352,0.706238,0.413208,-0.5495,-0.168945
1523080547673376,0.70752,0.410156,-0.548401,-0.174316
1523080547679380,0.709534,0.405579,-0.547241,-0.180481
1523080547701395,0.711853,0.401855,-0.545349,-0.185486
1523080547724412,0.714172,0.399353,-0.54248,-0.190186
1523080547739422,0.716736,0.397278,-0.538818,-0.19519
1523080547761439,0.719177,0.39563,-0.534241,-0.202087
1523080547792460,0.72229,0.394531,-0.527893,-0.209839
1523080547799466,0.726196,0.393921,-0.519531,-0.218079
1523080547821481,0.73114,0.393677,-0.509827,-0.224792
1523080547844504,0.736633,0.393311,-0.499207,-0.23114
1523080547859549,0.742798,0.390564,-0.489136,-0.237671
1523080547881525,0.750061,0.385132,-0.479431,-0.243408
1523080547904541,0.757996,0.378723,-0.470093,-0.247009
1523080547919582,0.766418,0.372864,-0.460815,-0.247375
1523080547949585,0.774414,0.36969,-0.452148,-0.243225
1523080547965583,0.780701,0.368591,-0.445923,-0.236084
1523080547978606,0.784729,0.369995,-0.441833,-0.228088
1523080548001610,0.786621,0.372925,-0.440491,-0.219299
1523080548023638,0.786621,0.377197,-0.441833,-0.209106
1523080548038665,0.785278,0.382141,-0.445068,-0.198059
1523080548069677,0.782288,0.386536,-0.450439,-0.189026
1523080548083682,0.77832,0.391174,-0.456421,-0.181152
1523080548098691,0.774109,0.396912,-0.461853,-0.172974
1523080548121708,0.769348,0.402832,-0.46759,-0.164856
1523080548143710,0.76416,0.408081,-0.473633,-0.158569
1523080548158721,0.758301,0.411987,-0.481018,-0.154419
1523080548181747,0.751831,0.414734,-0.489136,-0.153076
1523080548203752,0.746094,0.418701,-0.494812,-0.152344
1523080548227769,0.740662,0.425415,-0.497131,-0.152649
1523080548241789,0.733704,0.432739,-0.499878,-0.156677
1523080548263804,0.726013,0.440918,-0.501587,-0.163879
1523080548278816,0.718262,0.450256,-0.501709,-0.172119
1523080548301821,0.711853,0.460083,-0.499573,-0.178955
1523080548323838,0.706604,0.470398,-0.495422,-0.184326
1523080548348856,0.70166,0.479431,-0.491699,-0.189758
1523080548361867,0.697205,0.483582,-0.491272,-0.196777
1523080548383879,0.693665,0.483704,-0.492371,-0.205811
1523080548400912,0.692444,0.481262,-0.493103,-0.213745
1523080548421907,0.693359,0.47644,-0.493896,-0.219849
1523080548443924,0.696106,0.471619,-0.493408,-0.222595
1523080548460935,0.698669,0.466736,-0.49292,-0.225891
1523080548481950,0.700439,0.458984,-0.494385,-0.233093
1523080548503965,0.702393,0.448914,-0.495728,-0.24353
1523080548520993,0.70575,0.437439,-0.496216,-0.253601
1523080548542008,0.709595,0.426819,-0.494812,-0.263489
1523080548564009,0.714111,0.416992,-0.491882,-0.272339
1523080548580063,0.719055,0.408142,-0.487549,-0.280579
1523080548602067,0.724304,0.399841,-0.48175,-0.288879
1523080548624082,0.730225,0.39209,-0.473999,-0.29718
1523080548640097,0.736633,0.386169,-0.463623,-0.30542
1523080548661121,0.742371,0.383057,-0.452026,-0.312744
1523080548684143,0.745544,0.381958,-0.442383,-0.32019
1523080548700173,0.744324,0.382263,-0.437012,-0.330017
1523080548721164,0.740662,0.384338,-0.433228,-0.340637
1523080548744181,0.735535,0.388123,-0.42981,-0.351501
1523080548761241,0.72583,0.394104,-0.430786,-0.363647
1523080548783195,0.713501,0.406494,-0.432556,-0.372253
1523080548804222,0.701294,0.424866,-0.43335,-0.374023
1523080548820246,0.685425,0.446167,-0.436401,-0.375061
1523080548841249,0.667419,0.468323,-0.439758,-0.376526
1523080548864265,0.649414,0.491272,-0.440918,-0.377502
1523080548880263,0.629944,0.514587,-0.440186,-0.38031
1523080548904281,0.609314,0.538879,-0.435974,-0.385071
1523080548924294,0.587219,0.564148,-0.427673,-0.392456
1523080548940311,0.563904,0.588989,-0.415527,-0.403015
1523080548961334,0.540649,0.612793,-0.399658,-0.415222
1523080548984338,0.520142,0.633667,-0.382629,-0.425964
1523080549000349,0.502808,0.645569,-0.374451,-0.436096
1523080549021373,0.488708,0.652649,-0.368958,-0.446228
1523080549044393,0.479553,0.657593,-0.360229,-0.455872
1523080549062406,0.477112,0.657959,-0.352966,-0.463562
1523080549081416,0.480408,0.6521,-0.351501,-0.469421
1523080549104423,0.48761,0.642273,-0.353394,-0.474121
1523080549120434,0.497681,0.630554,-0.355347,-0.477966
1523080549141447,0.510742,0.61792,-0.355896,-0.480225
1523080549164484,0.525391,0.604065,-0.355774,-0.482117
1523080549180476,0.540771,0.587158,-0.358215,-0.484253
1523080549201490,0.559204,0.566772,-0.360718,-0.485718
1523080549224508,0.579102,0.545654,-0.361145,-0.486267
1523080549240520,0.598694,0.524231,-0.359924,-0.487
1523080549261533,0.617615,0.502136,-0.358643,-0.48761
1523080549284549,0.636658,0.478943,-0.357117,-0.487549
1523080549300561,0.655579,0.455627,-0.352783,-0.488037
1523080549323580,0.674316,0.433716,-0.345642,-0.487549
1523080549344592,0.692688,0.412109,-0.338013,-0.48584
1523080549360604,0.711304,0.393127,-0.329956,-0.480286
1523080549382620,0.727478,0.376465,-0.321411,-0.475098
1523080549403635,0.743469,0.359131,-0.312622,-0.469543
1523080549420650,0.759705,0.341675,-0.303955,-0.46228
1523080549442675,0.774963,0.325684,-0.296387,-0.453247
1523080549463687,0.785583,0.312683,-0.289551,-0.448608
1523080549480699,0.79248,0.302246,-0.28479,-0.446594
1523080549502717,0.798279,0.296997,-0.282776,-0.441101
1523080549523729,0.802002,0.298828,-0.285217,-0.431396
1523080549540741,0.803223,0.303589,-0.291687,-0.421387
1523080549562747,0.800232,0.309204,-0.30249,-0.415283
1523080549592769,0.796082,0.316467,-0.315674,-0.407898
1523080549600774,0.791321,0.328796,-0.326904,-0.398499
1523080549628836,0.78656,0.343628,-0.338379,-0.385681
1523080549643846,0.780457,0.359192,-0.349365,-0.37384
1523080549660863,0.773132,0.373413,-0.361328,-0.363586
1523080549681877,0.765503,0.387268,-0.372925,-0.353516
1523080549704879,0.758423,0.400879,-0.384338,-0.341064
1523080549719910,0.752075,0.411133,-0.396362,-0.328979
1523080549749912,0.745789,0.418396,-0.408386,-0.319336
1523080549764932,0.738525,0.421631,-0.422485,-0.313416
1523080549779946,0.732056,0.424255,-0.435913,-0.306641
1523080549803966,0.72406,0.429138,-0.447144,-0.302734
1523080549824967,0.714233,0.434265,-0.455994,-0.30542
1523080549839986,0.70575,0.435913,-0.467102,-0.306152
1523080549862001,0.699951,0.433716,-0.481262,-0.300598
1523080549885027,0.694092,0.434082,-0.492859,-0.294678
1523080549900037,0.687561,0.438843,-0.499634,-0.291504
1523080549922047,0.680969,0.442871,-0.505249,-0.291321
1523080549945052,0.674683,0.447632,-0.510437,-0.28949
1523080549960062,0.668091,0.453979,-0.515625,-0.285889
1523080549982090,0.662231,0.459412,-0.519653,-0.283447
1523080550005104,0.657715,0.465515,-0.521179,-0.281128
1523080550020114,0.655701,0.470032,-0.52179,-0.277222
1523080550042129,0.655151,0.473206,-0.521423,-0.273682
1523080550065145,0.655945,0.475342,-0.519592,-0.271667
1523080550080160,0.657959,0.478333,-0.514587,-0.270996
1523080550102161,0.660767,0.482422,-0.506836,-0.271606
1523080550125179,0.663696,0.486633,-0.497437,-0.274292
1523080550140202,0.667175,0.490173,-0.487366,-0.277588
1523080550177215,0.669495,0.492981,-0.477478,-0.284058
1523080550201232,0.67157,0.494141,-0.468201,-0.292542
1523080550230263,0.67334,0.496216,-0.458984,-0.299438
1523080550231254,0.67511,0.49939,-0.448486,-0.306152
1523080550254273,0.676331,0.503052,-0.437317,-0.313354
1523080550283291,0.678284,0.505554,-0.426636,-0.319702
1523080550305305,0.681335,0.508911,-0.414795,-0.323486
1523080550312330,0.684998,0.513123,-0.401611,-0.325806
1523080550336328,0.689148,0.517212,-0.387329,-0.327881
1523080550365362,0.693604,0.520264,-0.373291,-0.329956
1523080550366351,0.698242,0.522644,-0.360046,-0.331177
1523080550396381,0.702209,0.524597,-0.34845,-0.332092
1523080550427392,0.704956,0.526123,-0.338501,-0.334106
1523080550448447,0.706909,0.527771,-0.329651,-0.336243
1523080550448447,0.708313,0.52948,-0.322021,-0.337952
1523080550471435,0.7099,0.531494,-0.31488,-0.338196
1523080550499458,0.711609,0.53241,-0.308655,-0.338867
1523080550508451,0.713074,0.531982,-0.303711,-0.340881
1523080550523462,0.714355,0.530334,-0.300049,-0.344055
1523080550546477,0.71637,0.529114,-0.296753,-0.344604
1523080550567496,0.718567,0.529236,-0.29364,-0.342529
1523080550582570,0.720581,0.52832,-0.292603,-0.340576
1523080550598524,0.721741,0.525757,-0.294434,-0.340515
1523080550621532,0.7229,0.521545,-0.298279,-0.341064
1523080550642559,0.723816,0.518433,-0.30481,-0.338196
1523080550664571,0.723328,0.515625,-0.312561,-0.336487
1523080550681586,0.723938,0.510742,-0.320435,-0.335205
1523080550703588,0.724304,0.505432,-0.329285,-0.333862
1523080550726619,0.724976,0.499451,-0.339111,-0.331543
1523080550741629,0.726074,0.494568,-0.347412,-0.327881
1523080550762644,0.727905,0.490479,-0.355286,-0.32135
1523080550777655,0.729248,0.48584,-0.364441,-0.315186
1523080550801672,0.728821,0.483093,-0.374512,-0.308472
1523080550822687,0.726318,0.481445,-0.386658,-0.30188
1523080550837698,0.730469,0.47522,-0.394043,-0.291931
1523080550861703,0.731567,0.471375,-0.401062,-0.28595
1523080550882754,0.731018,0.465271,-0.410706,-0.283508
1523080550897762,0.731018,0.460388,-0.42041,-0.277283
1523080550920777,0.730164,0.45874,-0.427734,-0.270935
1523080550941802,0.728943,0.456665,-0.434998,-0.266174
1523080550957804,0.726074,0.455261,-0.4422,-0.264587
1523080550988825,0.723572,0.453064,-0.448669,-0.264282
1523080551003844,0.721069,0.452087,-0.454163,-0.263428
1523080551024862,0.71936,0.450317,-0.459167,-0.262512
1523080551040889,0.716736,0.448181,-0.46582,-0.261597
1523080551061888,0.713623,0.44635,-0.473083,-0.260193
1523080551077889,0.710022,0.446716,-0.479553,-0.257507
1523080551100905,0.705933,0.447693,-0.485168,-0.25647
1523080551121929,0.701538,0.448181,-0.491394,-0.25592
1523080551137932,0.697876,0.447815,-0.498657,-0.252441
1523080551160948,0.694336,0.448608,-0.505066,-0.247986
1523080551181976,0.691101,0.447876,-0.511169,-0.245972
1523080551197994,0.688782,0.445435,-0.516174,-0.246399
1523080551220992,0.686584,0.445007,-0.520142,-0.244812
1523080551242022,0.684021,0.447571,-0.522339,-0.242798
1523080551258017,0.681702,0.449402,-0.52417,-0.241943
1523080551281033,0.680054,0.451538,-0.523254,-0.24469
1523080551304049,0.680908,0.454163,-0.520142,-0.243958
1523080551318060,0.682129,0.456421,-0.517029,-0.24292
1523080551341077,0.68335,0.454285,-0.516296,-0.244995
1523080551364112,0.683899,0.451599,-0.51709,-0.246887
1523080551378102,0.683167,0.452637,-0.517273,-0.246704
1523080551401119,0.683289,0.454651,-0.515625,-0.245972
1523080551424148,0.683716,0.455261,-0.51416,-0.246765
1523080551445150,0.684692,0.456177,-0.512634,-0.245483
1523080551460160,0.686462,0.457031,-0.511414,-0.241455
1523080551484186,0.688904,0.460327,-0.506836,-0.237915
1523080551505194,0.694397,0.457825,-0.503662,-0.233643
1523080551520203,0.697693,0.460388,-0.499146,-0.228394
1523080551544219,0.701172,0.463013,-0.493042,-0.225525
1523080551565273,0.705017,0.466248,-0.486816,-0.220215
1523080551580249,0.709106,0.470947,-0.479187,-0.213867
1523080551603281,0.713562,0.475464,-0.470093,-0.209106
1523080551625284,0.719177,0.481567,-0.459534,-0.199219
1523080551640290,0.7229,0.489197,-0.450256,-0.187866
1523080551664307,0.724976,0.495361,-0.443298,-0.180176
1523080551685321,0.726318,0.496887,-0.440247,-0.178162
1523080551700332,0.728149,0.49408,-0.439514,-0.180115
1523080551723358,0.73114,0.488953,-0.439636,-0.181763
1523080551745362,0.734924,0.483215,-0.438965,-0.183472
1523080551760374,0.737854,0.477051,-0.438904,-0.188049
1523080551783393,0.740295,0.471191,-0.438538,-0.193787
1523080551804415,0.741333,0.465149,-0.440796,-0.199341
1523080551820417,0.740967,0.458862,-0.444702,-0.206482
1523080551843433,0.740112,0.452393,-0.449097,-0.214233
1523080551864457,0.738708,0.446899,-0.453125,-0.221802
1523080551880459,0.735901,0.442444,-0.460022,-0.225891
1523080551903476,0.731262,0.439575,-0.469177,-0.227722
1523080551924504,0.725281,0.436707,-0.478821,-0.232178
1523080551940501,0.721008,0.435425,-0.485962,-0.233154
1523080551963517,0.717896,0.4328,-0.493164,-0.232605
1523080551984543,0.714355,0.432739,-0.499329,-0.230347
1523080552000544,0.710144,0.437317,-0.502319,-0.228088
1523080552023580,0.707275,0.438293,-0.505005,-0.229309
1523080552044589,0.704407,0.438416,-0.508972,-0.229126
1523080552060586,0.700684,0.439514,-0.513611,-0.228088
1523080552083603,0.696838,0.441772,-0.51709,-0.227783
1523080552112638,0.692383,0.444702,-0.519775,-0.229431
1523080552120630,0.692505,0.446777,-0.519958,-0.224609
1523080552142644,0.690002,0.45343,-0.521118,-0.216125
1523080552164674,0.687866,0.458801,-0.520386,-0.213257
1523080552180690,0.686707,0.461548,-0.520752,-0.210266
1523080552202687,0.685425,0.46405,-0.52124,-0.207764
1523080552233709,0.68158,0.464478,-0.525635,-0.208252
1523080552240725,0.67865,0.46167,-0.532227,-0.207397
1523080552262765,0.674255,0.462769,-0.536743,-0.207703
1523080552286748,0.669434,0.463318,-0.540405,-0.212463
1523080552307772,0.666382,0.460205,-0.545044,-0.21698
1523080552322790,0.665466,0.458069,-0.547974,-0.216797
1523080552346789,0.664856,0.458069,-0.548828,-0.216553
1523080552367805,0.664368,0.460327,-0.547058,-0.217773
1523080552390835,0.664856,0.460327,-0.546082,-0.218811
1523080552405845,0.665039,0.457397,-0.548096,-0.219116
1523080552426846,0.66449,0.453308,-0.550537,-0.223267
1523080552442859,0.664124,0.451965,-0.549072,-0.230591
1523080552465874,0.663879,0.455811,-0.543762,-0.236267
1523080552486891,0.664124,0.461182,-0.537292,-0.240051
1523080552510926,0.665649,0.462952,-0.532227,-0.243591
1523080552525919,0.668762,0.462219,-0.528015,-0.245544
1523080552546935,0.67218,0.462952,-0.52356,-0.244324
1523080552562943,0.674438,0.465454,-0.519165,-0.242859
1523080552585959,0.677124,0.467041,-0.513855,-0.243408
1523080552606995,0.679688,0.466003,-0.51001,-0.246338
1523080552630005,0.680847,0.468689,-0.506042,-0.246399
1523080552646003,0.681335,0.472717,-0.501953,-0.245605
1523080552669029,0.681152,0.478271,-0.497742,-0.244141
1523080552683030,0.680237,0.480774,-0.495361,-0.246338
1523080552706046,0.681152,0.480408,-0.492981,-0.249329
1523080552727075,0.682983,0.48053,-0.490234,-0.249512
1523080552743071,0.683716,0.481384,-0.488464,-0.249329
1523080552766087,0.683777,0.481201,-0.48877,-0.248962
1523080552789105,0.683838,0.480286,-0.489624,-0.249023
1523080552803114,0.684082,0.480103,-0.489746,-0.248291
1523080552817134,0.683838,0.479858,-0.489685,-0.249573
1523080552839149,0.683105,0.477539,-0.490601,-0.254089
1523080552862166,0.683289,0.473267,-0.491699,-0.25946
1523080552877166,0.68335,0.469971,-0.492371,-0.264038
1523080552899185,0.682739,0.467773,-0.49353,-0.267334
1523080552922200,0.682312,0.465759,-0.496094,-0.267151
1523080552945215,0.680847,0.462708,-0.500061,-0.268799
1523080552968234,0.680115,0.455994,-0.505615,-0.27179
1523080552982240,0.678955,0.444763,-0.514526,-0.276428
1523080552996265,0.678284,0.43158,-0.524536,-0.280151
1523080553019278,0.677795,0.417969,-0.5354,-0.281494
1523080553043287,0.676392,0.403564,-0.548096,-0.281494
1523080553065315,0.673645,0.389465,-0.563904,-0.276672
1523080553079312,0.669189,0.376709,-0.580811,-0.270081
1523080553102329,0.664063,0.363647,-0.598206,-0.262512
1523080553116336,0.658264,0.350098,-0.616882,-0.252075
1523080553139373,0.651794,0.337463,-0.634766,-0.241516
1523080553162371,0.645569,0.327881,-0.648865,-0.233826
1523080553176399,0.640442,0.319641,-0.658936,-0.23114
1523080553199398,0.636902,0.313232,-0.665405,-0.231323
1523080553222411,0.635193,0.308472,-0.668274,-0.233887
1523080553236435,0.635132,0.308105,-0.666992,-0.238403
1523080553259451,0.636353,0.31134,-0.661133,-0.247009
1523080553282455,0.639282,0.316589,-0.651917,-0.257141
1523080553296475,0.643311,0.323669,-0.639099,-0.27002
1523080553319490,0.648376,0.330872,-0.623413,-0.285339
1523080553342511,0.652954,0.337524,-0.606995,-0.302124
1523080553356517,0.65918,0.343689,-0.587891,-0.31897
1523080553379536,0.6651,0.350464,-0.566772,-0.336975
1523080553402553,0.670105,0.356812,-0.544739,-0.356262
1523080553416570,0.673645,0.362427,-0.52417,-0.374329
1523080553439579,0.675598,0.365906,-0.506714,-0.390991
1523080553462582,0.676758,0.368103,-0.489197,-0.408875
1523080553476605,0.676147,0.371704,-0.471619,-0.426819
1523080553500626,0.67395,0.374878,-0.458313,-0.441833
1523080553522638,0.671692,0.375,-0.449036,-0.454529
1523080553536648,0.670959,0.377014,-0.438843,-0.463745
1523080553559655,0.673218,0.384155,-0.42688,-0.465759
1523080553582668,0.675354,0.391541,-0.419067,-0.463623
1523080553596697,0.67572,0.395508,-0.415527,-0.462891
1523080553618695,0.6745,0.398132,-0.413452,-0.464294
1523080553642724,0.671509,0.400757,-0.411987,-0.467712
1523080553656734,0.668213,0.403503,-0.413086,-0.469055
1523080553678750,0.665649,0.407776,-0.415222,-0.467102
1523080553702753,0.663452,0.411865,-0.416992,-0.465088
1523080553716776,0.660583,0.415649,-0.41803,-0.464783
1523080553738778,0.65509,0.418335,-0.420471,-0.468018
1523080553762808,0.648621,0.41925,-0.42627,-0.470947
1523080553777816,0.643799,0.420776,-0.432983,-0.470032
1523080553798823,0.639709,0.423035,-0.439148,-0.467834
1523080553822839,0.635803,0.423157,-0.44635,-0.46637
1523080553836862,0.630005,0.421326,-0.455444,-0.467102
1523080553858863,0.623047,0.417419,-0.464172,-0.471313
1523080553882883,0.615723,0.412659,-0.472107,-0.477173
1523080553897892,0.608582,0.410583,-0.478088,-0.482178
1523080553918907,0.601501,0.412231,-0.481201,-0.486572
1523080553941943,0.594971,0.415405,-0.480957,-0.492065
1523080553956953,0.589661,0.420654,-0.477722,-0.497131
1523080553978950,0.585754,0.427734,-0.47229,-0.500916
1523080554001975,0.583313,0.436157,-0.464722,-0.50354
1523080554016976,0.582397,0.443848,-0.455688,-0.506165
1523080554038992,0.581238,0.447876,-0.448792,-0.510071
1523080554062008,0.579651,0.448608,-0.44519,-0.514343
1523080554077018,0.579773,0.449036,-0.442322,-0.516357
1523080554099034,0.581726,0.448914,-0.439209,-0.516968
1523080554124052,0.583801,0.447144,-0.437439,-0.517578
1523080554152071,0.585632,0.443787,-0.437622,-0.51825
1523080554161080,0.587219,0.441711,-0.437988,-0.517883
1523080554182097,0.589355,0.441284,-0.437378,-0.516357
1523080554197114,0.591125,0.441223,-0.436035,-0.515564
1523080554219141,0.590576,0.440002,-0.435913,-0.517273
1523080554235130,0.589844,0.437866,-0.436035,-0.519897
1523080554257146,0.590759,0.436584,-0.434448,-0.521179
1523080554279162,0.593689,0.436157,-0.431885,-0.520325
1523080554302180,0.596741,0.435364,-0.430237,-0.518921
1523080554317189,0.598267,0.433777,-0.43042,-0.518311
1523080554356216,0.599792,0.431885,-0.430786,-0.517822
1523080554364232,0.601868,0.43103,-0.430115,-0.516663
1523080554376241,0.604187,0.429871,-0.429016,-0.515869
1523080554399247,0.605957,0.427917,-0.428711,-0.515625
1523080554415260,0.6073,0.426392,-0.428894,-0.515198
1523080554436274,0.608887,0.425659,-0.428467,-0.514282
1523080554459291,0.60968,0.425354,-0.428162,-0.513916
1523080554475321,0.609863,0.4245,-0.42865,-0.513916
1523080554496330,0.609436,0.423767,-0.430176,-0.513733
1523080554519333,0.60968,0.423889,-0.431274,-0.512451
1523080554535344,0.610229,0.424744,-0.431335,-0.511047
1523080554559365,0.610107,0.4245,-0.431702,-0.511047
1523080554579385,0.609924,0.423706,-0.432434,-0.511353
1523080554595387,0.610229,0.423157,-0.433105,-0.510803
1523080554616421,0.610901,0.423828,-0.433105,-0.509521
1523080554639438,0.611755,0.424255,-0.432922,-0.50824
1523080554655430,0.612061,0.424316,-0.433044,-0.507751
1523080554686451,0.611816,0.423889,-0.433533,-0.507935
1523080554708483,0.612,0.423706,-0.433899,-0.507629
1523080554738488,0.612366,0.424011,-0.433838,-0.506958
1523080554762505,0.612976,0.4245,-0.43335,-0.506226
1523080554762505,0.612854,0.424072,-0.433655,-0.50647
1523080554783521,0.612793,0.42395,-0.433716,-0.506653
1523080554813542,0.612854,0.424927,-0.433167,-0.506165
1523080554836561,0.612305,0.425537,-0.433228,-0.506226
1523080554858590,0.61145,0.425232,-0.434204,-0.506714
1523080554859575,0.61145,0.4245,-0.435364,-0.506348
1523080554889597,0.611389,0.424133,-0.436462,-0.505737
1523080554903607,0.61084,0.423218,-0.437378,-0.506348
1523080554918617,0.609192,0.42218,-0.438538,-0.508301
1523080554939648,0.608337,0.422058,-0.439026,-0.508972
1523080554955643,0.609619,0.424438,-0.437561,-0.506714
1523080554978660,0.611267,0.427246,-0.436523,-0.503235
