timestamp,roll,pitch,yaw
1523080528471370,-1.89686,0.16746,1.04068
1523080528517403,-1.8954,0.175134,1.0306
1523080528518414,-1.89487,0.183531,1.02018
1523080528541420,-1.89451,0.192175,1.01001
1523080528556430,-1.89559,0.200135,1.00008
1523080528570454,-1.89864,0.213767,0.992315
1523080528606479,-1.89875,0.226993,0.981999
1523080528651512,-1.90007,0.242784,0.971337
1523080528662505,-1.90598,0.257558,0.963568
1523080528664521,-1.90314,0.27072,0.959453
1523080528675527,-1.90861,0.286736,0.952045
1523080528691536,-1.90682,0.300921,0.947691
1523080528712598,-1.89967,0.316961,0.945927
1523080528736625,-1.88905,0.332778,0.946125
1523080528763645,-1.87672,0.34832,0.949023
1523080528775663,-1.86397,0.362701,0.95455
1523080528802675,-1.85233,0.374668,0.961292
1523080528808676,-1.83945,0.384727,0.968942
1523080528831687,-1.82581,0.393529,0.977588
1523080528854713,-1.81321,0.401924,0.986501
1523080528868719,-1.80229,0.410702,0.994949
1523080528891758,-1.79273,0.419557,1.00263
1523080528922757,-1.78269,0.429133,1.01008
1523080528928753,-1.77405,0.440026,1.01759
1523080528951781,-1.76006,0.452233,1.028
1523080528974798,-1.74613,0.465948,1.03932
1523080528988808,-1.73581,0.482229,1.05087
1523080529011816,-1.72699,0.498384,1.06036
1523080529034837,-1.71627,0.513109,1.06697
1523080529056853,-1.70438,0.524872,1.07153
1523080529071863,-1.69266,0.533969,1.07532
1523080529094872,-1.68161,0.539409,1.07769
1523080529108890,-1.67317,0.54227,1.07983
1523080529130896,-1.66812,0.543141,1.084
1523080529153921,-1.66256,0.54175,1.08997
1523080529168938,-1.6565,0.540531,1.09952
1523080529198953,-1.65354,0.540384,1.11068
1523080529213964,-1.65137,0.542499,1.11944
1523080529228975,-1.64752,0.550425,1.12803
1523080529250990,-1.64653,0.562416,1.13755
1523080529273996,-1.65013,0.579005,1.14706
1523080529289079,-1.65914,0.601153,1.15256
1523080529311024,-1.67629,0.623374,1.156
1523080529334054,-1.69813,0.643637,1.15583
1523080529349060,-1.7241,0.664647,1.15463
1523080529371076,-1.75749,0.685214,1.15955
1523080529394082,-1.78938,0.700106,1.17857
1523080529409103,-1.81927,0.712558,1.211
1523080529431134,-1.83095,0.713075,1.25836
1523080529454125,-1.8294,0.686288,1.31278
1523080529478141,-1.80089,0.625737,1.38114
1523080529491171,-1.74657,0.540894,1.46696
1523080529514169,-1.68662,0.439857,1.55733
1523080529530179,-1.63069,0.323417,1.6465
1523080529551194,-1.5922,0.187673,1.72888
1523080529574230,-1.55645,0.0468392,1.79747
1523080529590228,-1.52658,-0.080015,1.84093
1523080529612237,-1.52258,-0.202076,1.86401
1523080529634253,-1.54359,-0.315448,1.85863
1523080529650264,-1.5703,-0.416315,1.82563
1523080529671278,-1.57992,-0.494431,1.76394
1523080529694308,-1.56699,-0.554958,1.66968
1523080529718313,-1.55052,-0.609744,1.56152
1523080529731325,-1.56259,-0.653442,1.45048
1523080529753339,-1.58426,-0.678369,1.34457
1523080529770363,-1.57616,-0.693066,1.23602
1523080529791378,-1.54826,-0.70992,1.13083
1523080529813393,-1.53537,-0.709355,1.04124
1523080529830392,-1.58125,-0.70486,0.95547
1523080529851417,-1.6057,-0.665288,0.871422
1523080529873433,-1.59793,-0.663376,0.771379
1523080529890448,-1.63534,-0.648523,0.715349
1523080529912450,-1.67705,-0.624697,0.666381
1523080529933475,-1.69998,-0.593301,0.627166
1523080529950487,-1.72103,-0.562904,0.585503
1523080529971492,-1.74947,-0.530536,0.537504
1523080529995520,-1.78257,-0.493719,0.481141
1523080530010529,-1.81839,-0.455512,0.420315
1523080530034552,-1.85879,-0.418882,0.360318
1523080530053560,-1.89979,-0.382862,0.309281
1523080530071563,-1.95233,-0.346163,0.2679
1523080530091581,-2.00892,-0.308697,0.230868
1523080530113594,-2.07491,-0.261824,0.2079
1523080530130605,-2.14164,-0.201967,0.192222
1523080530151640,-2.18924,-0.138218,0.181086
1523080530173636,-2.22043,-0.0647403,0.172574
1523080530191649,-2.24698,0.0260856,0.170692
1523080530211667,-2.26632,0.123176,0.173969
1523080530233679,-2.28047,0.217969,0.18034
1523080530250690,-2.28699,0.309807,0.19045
1523080530271719,-2.30129,0.400164,0.201907
1523080530293721,-2.32222,0.488621,0.218533
1523080530311747,-2.32967,0.565854,0.24149
1523080530331780,-2.31536,0.630761,0.271453
1523080530353774,-2.29035,0.684451,0.308442
1523080530377780,-2.27127,0.729386,0.359122
1523080530392802,-2.26274,0.762537,0.431374
1523080530413810,-2.24377,0.778289,0.525619
1523080530429818,-2.21263,0.77711,0.629676
1523080530452834,-2.17759,0.761675,0.740232
1523080530473863,-2.14655,0.733141,0.856579
1523080530489888,-2.11481,0.691487,0.975707
1523080530518894,-2.0835,0.638546,1.08929
1523080530533906,-2.05762,0.57597,1.19611
1523080530549905,-2.0421,0.506633,1.29454
1523080530572932,-2.01836,0.43831,1.38462
1523080530593934,-1.99004,0.381282,1.45894
1523080530609945,-1.96475,0.330339,1.52046
1523080530632972,-1.93811,0.305809,1.55582
1523080530653986,-1.88865,0.307382,1.56967
1523080530669988,-1.81497,0.319311,1.57163
1523080530693024,-1.75006,0.332239,1.56361
1523080530714057,-1.71411,0.343541,1.54406
1523080530730031,-1.7044,0.348728,1.51682
1523080530753048,-1.70229,0.357212,1.48114
1523080530774082,-1.68307,0.376417,1.43188
1523080530790076,-1.64818,0.396027,1.37429
1523080530813105,-1.61846,0.417087,1.31197
1523080530834118,-1.60899,0.43591,1.24745
1523080530849129,-1.62388,0.450252,1.18754
1523080530872142,-1.65091,0.463228,1.1295
1523080530894148,-1.68344,0.476302,1.06727
1523080530909168,-1.73301,0.484197,1.00274
1523080530932184,-1.80824,0.490665,0.944306
1523080530954189,-1.89535,0.502311,0.885931
1523080530969201,-1.96326,0.507797,0.827281
1523080530999232,-1.99572,0.50295,0.770359
1523080531022254,-2.02768,0.517291,0.736563
1523080531029253,-2.06418,0.537317,0.739373
1523080531052273,-2.10678,0.539254,0.766576
1523080531074288,-2.14105,0.548813,0.804801
1523080531089299,-2.16069,0.570035,0.848102
1523080531112330,-2.17836,0.598695,0.892315
1523080531142337,-2.17021,0.628889,0.938005
1523080531149338,-2.12589,0.658936,0.99263
1523080531172344,-2.07007,0.687948,1.04968
1523080531194370,-1.99917,0.706789,1.11161
1523080531209387,-1.89509,0.725573,1.20393
1523080531232411,-1.76124,0.736491,1.3222
1523080531254406,-1.62932,0.724779,1.4571
1523080531269424,-1.53253,0.684942,1.59094
1523080531291439,-1.47814,0.625884,1.69956
1523080531314455,-1.44331,0.557757,1.80541
1523080531329466,-1.42143,0.489784,1.90207
1523080531352472,-1.42611,0.420031,1.98009
1523080531374502,-1.46165,0.360076,2.03338
1523080531390509,-1.52614,0.32163,2.05391
1523080531412525,-1.59748,0.30333,2.05031
1523080531434547,-1.66236,0.29418,2.0267
1523080531450556,-1.71653,0.289613,1.99516
1523080531471558,-1.76272,0.301172,1.95675
1523080531494583,-1.77808,0.324958,1.91622
1523080531510584,-1.79578,0.373811,1.87854
1523080531531610,-1.7889,0.422408,1.83579
1523080531554713,-1.74579,0.470373,1.78459
1523080531578633,-1.70518,0.517249,1.69831
1523080531591662,-1.66506,0.526311,1.73082
1523080531614680,-1.66636,0.59426,1.67612
1523080531630669,-1.69047,0.628142,1.60299
1523080531651686,-1.73211,0.663652,1.54094
1523080531674701,-1.77692,0.678112,1.47401
1523080531698732,-1.81043,0.672285,1.4145
1523080531711741,-1.84407,0.658165,1.36466
1523080531734758,-1.88377,0.641288,1.32641
1523080531750757,-1.91866,0.608136,1.29049
1523080531771780,-1.9516,0.570471,1.25357
1523080531794806,-1.99751,0.529262,1.22757
1523080531816803,-2.03807,0.502479,1.22434
1523080531831826,-2.07131,0.496868,1.21874
1523080531855830,-2.09086,0.481585,1.21095
1523080531870841,-2.10071,0.473202,1.2156
1523080531891857,-2.09651,0.467264,1.23034
1523080531914871,-2.07934,0.459905,1.24871
1523080531930884,-2.05209,0.451906,1.2615
1523080531951912,-2.02189,0.442199,1.26978
1523080531974924,-1.99278,0.431853,1.27636
1523080531990926,-1.96812,0.419919,1.28037
1523080532011944,-1.95333,0.407407,1.2754
1523080532034956,-1.94357,0.397299,1.25894
1523080532050970,-1.93265,0.388515,1.23311
1523080532071988,-1.91898,0.383029,1.19444
1523080532094999,-1.9012,0.382022,1.14182
1523080532111012,-1.87984,0.389677,1.07247
1523080532133047,-1.86183,0.407066,0.981667
1523080532155044,-1.85432,0.423365,0.884851
1523080532171055,-1.86531,0.437992,0.79682
1523080532192089,-1.8679,0.443658,0.729295
1523080532214133,-1.8511,0.440902,0.67338
1523080532231097,-1.81661,0.430216,0.636376
1523080532253112,-1.79386,0.440512,0.630816
1523080532274127,-1.79016,0.461059,0.646352
1523080532290138,-1.77596,0.496449,0.679779
1523080532312164,-1.74821,0.523084,0.716764
1523080532328165,-1.72583,0.569196,0.747792
1523080532351184,-1.70595,0.610806,0.782831
1523080532373197,-1.69241,0.652266,0.82808
1523080532396213,-1.68261,0.689065,0.874338
1523080532411225,-1.67904,0.718926,0.920851
1523080532433240,-1.67795,0.741405,0.963163
1523080532447252,-1.67741,0.75406,1.0095
1523080532470267,-1.68628,0.753044,1.05403
1523080532493283,-1.70027,0.736546,1.09227
1523080532514298,-1.71473,0.702842,1.12336
1523080532530309,-1.73056,0.662404,1.14991
1523080532553325,-1.75148,0.624614,1.17383
1523080532574341,-1.78083,0.590761,1.18762
1523080532590352,-1.81877,0.557954,1.18799
1523080532613368,-1.8632,0.535942,1.18212
1523080532634383,-1.90682,0.53245,1.17731
1523080532664404,-1.9291,0.528603,1.18209
1523080532675412,-1.93461,0.532441,1.18328
1523080532694425,-1.93553,0.539752,1.17412
1523080532710437,-1.94021,0.55234,1.15802
1523080532733454,-1.94543,0.564793,1.13946
1523080532754469,-1.94175,0.573506,1.12348
1523080532770479,-1.93322,0.580792,1.10299
1523080532793496,-1.92413,0.588284,1.07393
1523080532815511,-1.91841,0.591485,1.042
1523080532830522,-1.91252,0.587892,1.00944
1523080532853538,-1.9037,0.581632,0.978113
1523080532874553,-1.88302,0.577561,0.948439
1523080532890565,-1.86445,0.574494,0.909774
1523080532913581,-1.86695,0.573906,0.864144
1523080532951608,-1.87752,0.571534,0.825017
1523080532953609,-1.88804,0.56795,0.794396
1523080532988635,-1.89609,0.565282,0.765363
1523080532994639,-1.90393,0.564694,0.739315
1523080533010650,-1.91276,0.564055,0.723116
1523080533033666,-1.92061,0.563489,0.721253
1523080533054681,-1.92324,0.562299,0.733779
1523080533070693,-1.92137,0.557908,0.755721
1523080533093709,-1.91326,0.548901,0.786938
1523080533114724,-1.90206,0.524641,0.826111
1523080533130735,-1.88685,0.499931,0.873211
1523080533153752,-1.87312,0.477446,0.925321
1523080533174767,-1.86034,0.45461,0.981728
1523080533190778,-1.8432,0.427581,1.04272
1523080533212794,-1.82781,0.394345,1.10484
1523080533241815,-1.82018,0.352413,1.16385
1523080533249819,-1.80928,0.306507,1.2183
1523080533272836,-1.79542,0.25898,1.26646
1523080533295852,-1.79122,0.211924,1.31033
1523080533309863,-1.79879,0.170518,1.34617
1523080533332884,-1.8072,0.134136,1.37066
1523080533361899,-1.81614,0.0878562,1.38738
1523080533369904,-1.81776,0.0495622,1.39593
1523080533392922,-1.81852,0.0179395,1.39493
1523080533415937,-1.82728,-0.011269,1.38761
1523080533436953,-1.84274,-0.0425856,1.37461
1523080533452964,-1.85495,-0.0739368,1.35682
1523080533475981,-1.86363,-0.100553,1.33453
1523080533496997,-1.87248,-0.121621,1.30884
1523080533521013,-1.87802,-0.140036,1.27774
1523080533536023,-1.87918,-0.157837,1.2453
1523080533557038,-1.88193,-0.174726,1.21644
1523080533573063,-1.88073,-0.190842,1.19104
1523080533596067,-1.8774,-0.207889,1.16704
1523080533617091,-1.87824,-0.222807,1.14885
1523080533641098,-1.88525,-0.237464,1.13684
1523080533656119,-1.89841,-0.249187,1.13254
1523080533677137,-1.91158,-0.259173,1.13424
1523080533693135,-1.92635,-0.267676,1.13947
1523080533716171,-1.9445,-0.273466,1.1463
1523080533737168,-1.96281,-0.279521,1.15317
1523080533759181,-1.97869,-0.28561,1.15994
1523080533776195,-1.99911,-0.287931,1.16821
1523080533797228,-2.01732,-0.284576,1.17572
1523080533813230,-2.03183,-0.271516,1.1844
1523080533836246,-2.04022,-0.257115,1.19172
1523080533864266,-2.04488,-0.23955,1.19623
1523080533873273,-2.05681,-0.22101,1.20003
1523080533903293,-2.07244,-0.203574,1.20664
1523080533917304,-2.079,-0.18557,1.21412
1523080533933305,-2.07727,-0.162608,1.21953
1523080533956331,-2.06988,-0.137877,1.22389
1523080533977353,-2.06324,-0.116049,1.22311
1523080533991348,-2.06141,-0.0949962,1.22143
1523080534024371,-2.05978,-0.0703166,1.21942
1523080534037388,-2.05594,-0.0415999,1.21661
1523080534059394,-2.04302,-0.0136203,1.21548
1523080534076407,-2.03742,0.0166918,1.21835
1523080534097423,-2.03993,0.049336,1.2226
1523080534113443,-2.03186,0.0742438,1.22321
1523080534128454,-2.01408,0.100528,1.22082
1523080534148457,-1.99216,0.13633,1.20993
1523080534180494,-1.97169,0.174284,1.20272
1523080534194493,-1.96943,0.211832,1.19851
1523080534208501,-1.96495,0.24803,1.20125
1523080534240533,-1.95222,0.281686,1.20719
1523080534262538,-1.93261,0.31575,1.21173
1523080534271545,-1.91217,0.350687,1.21467
1523080534306586,-1.89822,0.384827,1.21872
1523080534315576,-1.88701,0.418343,1.22467
1523080534328586,-1.86865,0.448352,1.23258
1523080534352604,-1.84795,0.48055,1.23719
1523080534366613,-1.8338,0.509948,1.23935
1523080534388642,-1.82218,0.539039,1.24261
1523080534412659,-1.81619,0.569902,1.24489
1523080534426657,-1.81528,0.600982,1.25138
1523080534457697,-1.81362,0.629356,1.26097
1523080534479706,-1.81144,0.655959,1.26991
1523080534486711,-1.80794,0.687834,1.27918
1523080534524732,-1.79604,0.721879,1.29337
1523080534531745,-1.77422,0.761746,1.31511
1523080534546750,-1.74705,0.802934,1.34498
1523080534568776,-1.71324,0.846069,1.38575
1523080534591773,-1.6534,0.885454,1.44593
1523080534606810,-1.57083,0.919497,1.5263
1523080534630802,-1.48155,0.946251,1.62328
1523080534651826,-1.38727,0.965841,1.72443
1523080534666827,-1.28469,0.979771,1.82383
1523080534688855,-1.18843,0.988429,1.91477
1523080534712869,-1.10783,0.992853,1.99124
1523080534734884,-1.04925,0.991744,2.04821
1523080534749897,-1.00292,0.98532,2.09777
1523080534771901,-0.9672,0.973168,2.14215
1523080534785924,-0.944507,0.95481,2.17524
1523080534808926,-0.930315,0.935638,2.1909
1523080534831953,-0.919921,0.923355,2.20058
1523080534854969,-0.910398,0.9174,2.21166
1523080534869980,-0.89655,0.918135,2.22841
1523080534894026,-0.87116,0.920979,2.25236
1523080534906006,-0.844753,0.922618,2.27762
1523080534929023,-0.8175,0.920459,2.30173
1523080534952046,-0.78947,0.917654,2.32088
1523080534966048,-0.761064,0.915647,2.3385
1523080534990055,-0.744343,0.908351,2.35268
1523080535012082,-0.738851,0.900502,2.35901
1523080535029086,-0.736218,0.895925,2.35827
1523080535050100,-0.740154,0.894225,2.34884
1523080535072130,-0.755207,0.896057,2.33485
1523080535103143,-0.781123,0.89552,2.31764
1523080535117145,-0.808176,0.890019,2.30015
1523080535133157,-0.833387,0.884065,2.28101
1523080535146183,-0.860541,0.8766,2.25635
1523080535169194,-0.887849,0.869997,2.23038
1523080535191198,-0.907744,0.862098,2.20559
1523080535206222,-0.922994,0.8549,2.18752
1523080535229262,-0.936321,0.847544,2.17073
1523080535251276,-0.951994,0.839871,2.15104
1523080535266308,-0.965391,0.832254,2.13476
1523080535289303,-0.972415,0.824787,2.12399
1523080535311319,-0.972465,0.821533,2.11654
1523080535326338,-0.971328,0.818506,2.11383
1523080535349346,-0.96468,0.814462,2.11786
1523080535373364,-0.956244,0.807256,2.12563
1523080535386382,-0.944007,0.801199,2.13347
1523080535408389,-0.925852,0.797275,2.14058
1523080535431444,-0.909124,0.797579,2.14387
1523080535446454,-0.893487,0.801953,2.14675
1523080535468470,-0.889196,0.805863,2.14618
1523080535491476,-0.887319,0.808449,2.14746
1523080535506497,-0.888289,0.810606,2.14775
1523080535528513,-0.89362,0.81421,2.14224
1523080535551520,-0.900613,0.821416,2.13177
1523080535566530,-0.909325,0.828928,2.1204
1523080535588547,-0.922092,0.835538,2.11189
1523080535611572,-0.933692,0.839033,2.10294
1523080535626704,-0.942329,0.84447,2.09294
1523080535648598,-0.950568,0.850972,2.08252
1523080535671605,-0.958355,0.859621,2.07632
1523080535686629,-0.964679,0.869537,2.07056
1523080535708631,-0.966962,0.877352,2.06497
1523080535740670,-0.965774,0.884755,2.05854
1523080535746671,-0.966279,0.893372,2.05394
1523080535768686,-0.966108,0.902825,2.04804
1523080535791689,-0.963605,0.912585,2.04404
1523080535806713,-0.957357,0.920603,2.04251
1523080535828730,-0.948382,0.927941,2.04328
1523080535859758,-0.938989,0.935856,2.04458
1523080535866744,-0.928956,0.945653,2.04644
1523080535888772,-0.922559,0.957034,2.04334
1523080535911785,-0.920259,0.971342,2.0374
1523080535926795,-0.923862,0.985818,2.02744
1523080535948812,-0.930311,1.00017,2.01425
1523080535971855,-0.931688,1.01159,2.00431
1523080535986856,-0.936238,1.02315,1.99511
1523080536016859,-0.93761,1.03138,1.99407
1523080536031861,-0.93731,1.04071,1.98979
1523080536047873,-0.933129,1.04833,1.9835
1523080536068896,-0.922847,1.05182,1.97978
1523080536090907,-0.917496,1.05469,1.97375
1523080536107914,-0.923526,1.05693,1.96024
1523080536128939,-0.932092,1.05889,1.94373
1523080536150955,-0.931168,1.06335,1.94338
1523080536167957,-0.935583,1.06728,1.94689
1523080536188985,-0.941553,1.06595,1.9528
1523080536210997,-0.94174,1.06093,1.9603
1523080536228009,-0.944483,1.05473,1.96211
1523080536249024,-0.943917,1.05213,1.96397
1523080536280037,-0.934405,1.05202,1.97597
1523080536295046,-0.917315,1.05344,1.99461
1523080536309067,-0.898027,1.05325,2.01433
1523080536331086,-0.881432,1.05041,2.02955
1523080536348095,-0.868316,1.0466,2.04146
1523080536369113,-0.860175,1.04308,2.05152
1523080536399134,-0.854848,1.03782,2.05758
1523080536415133,-0.850277,1.03437,2.06097
1523080536429152,-0.851129,1.03343,2.06069
1523080536451168,-0.83427,1.02754,2.07534
1523080536468180,-0.825349,1.01813,2.09308
1523080536489195,-0.828984,1.00456,2.10117
1523080536511200,-0.832223,0.99494,2.10513
1523080536528212,-0.835821,0.987315,2.108
1523080536552243,-0.841021,0.981248,2.1115
1523080536573264,-0.851358,0.97566,2.10879
1523080536588265,-0.860617,0.969428,2.1034
1523080536609280,-0.871779,0.960736,2.09642
1523080536631295,-0.884745,0.947364,2.08753
1523080536648430,-0.894457,0.934609,2.07743
1523080536677340,-0.900834,0.92435,2.07156
1523080536691329,-0.90375,0.915743,2.07053
1523080536708356,-0.903335,0.907977,2.07433
1523080536729380,-0.898751,0.901512,2.08037
1523080536751385,-0.88835,0.893625,2.08973
1523080536767383,-0.876859,0.885207,2.09945
1523080536789405,-0.862946,0.877466,2.1126
1523080536837434,-0.843137,0.870604,2.12899
1523080536850441,-0.823811,0.862428,2.14705
1523080536853444,-0.809077,0.853105,2.16506
1523080536880479,-0.795049,0.844788,2.17942
1523080536889479,-0.779943,0.837911,2.1937
1523080536917489,-0.773493,0.833192,2.20298
1523080536925513,-0.774429,0.831156,2.20598
1523080536953524,-0.78327,0.827131,2.20527
1523080536971527,-0.797103,0.824233,2.19413
1523080537009554,-0.820164,0.822404,2.17684
1523080537013574,-0.856544,0.822019,2.14776
1523080537053596,-0.906911,0.821604,2.10713
1523080537062592,-0.968119,0.817385,2.05319
1523080537075601,-1.04103,0.808024,1.9871
1523080537097618,-1.11686,0.794896,1.91805
1523080537114648,-1.19573,0.774108,1.84887
1523080537126636,-1.27521,0.746768,1.78509
1523080537149664,-1.35417,0.713308,1.72209
1523080537171679,-1.42292,0.675286,1.66275
1523080537186690,-1.48616,0.63308,1.60811
1523080537209706,-1.54139,0.590168,1.55899
1523080537231723,-1.59274,0.549424,1.5166
1523080537248734,-1.64339,0.512768,1.47969
1523080537269749,-1.69523,0.480428,1.44693
1523080537291767,-1.74671,0.447404,1.42331
1523080537306765,-1.79144,0.418831,1.40408
1523080537329791,-1.82209,0.397044,1.38579
1523080537351797,-1.84576,0.377351,1.36385
1523080537374830,-1.86674,0.362274,1.34001
1523080537390826,-1.88976,0.351323,1.31781
1523080537412854,-1.91913,0.347105,1.29991
1523080537429852,-1.95327,0.345933,1.28693
1523080537449880,-1.98069,0.342763,1.27995
1523080537471882,-1.98914,0.338528,1.27709
1523080537502905,-1.98764,0.334602,1.27413
1523080537509909,-1.98712,0.332413,1.2724
1523080537531939,-1.99045,0.334624,1.27251
1523080537546939,-1.99653,0.341056,1.27275
1523080537569951,-1.99603,0.347397,1.27289
1523080537591969,-1.98996,0.352807,1.27162
1523080537606978,-1.98771,0.358972,1.26875
1523080537629994,-1.98669,0.367449,1.27031
1523080537652011,-1.98603,0.377444,1.27164
1523080537667035,-1.98307,0.38962,1.26991
1523080537689050,-1.97345,0.405422,1.26724
1523080537712070,-1.9663,0.420842,1.259
1523080537727078,-1.95809,0.432696,1.24786
1523080537750080,-1.95104,0.445799,1.23725
1523080537772106,-1.94841,0.458037,1.23201
1523080537787107,-1.94856,0.468602,1.22946
1523080537809142,-1.94526,0.478905,1.22778
1523080537825134,-1.94133,0.489231,1.22702
1523080537847162,-1.94087,0.499467,1.22757
1523080537869165,-1.94379,0.506726,1.23211
1523080537885175,-1.94958,0.512086,1.2372
1523080537907199,-1.95382,0.515406,1.23859
1523080537929223,-1.95527,0.516654,1.23757
1523080537945218,-1.95442,0.516723,1.23688
1523080537967235,-1.95568,0.514104,1.23489
1523080537989251,-1.96439,0.507281,1.22649
1523080538005263,-1.97606,0.496141,1.21383
1523080538028277,-1.98765,0.482845,1.20242
1523080538049309,-1.99799,0.470045,1.19529
1523080538065305,-2.00543,0.459613,1.19105
1523080538088320,-2.00907,0.453502,1.18932
1523080538109345,-2.00218,0.450809,1.19123
1523080538125347,-1.98388,0.455934,1.19556
1523080538148362,-1.95638,0.466943,1.20225
1523080538169391,-1.92637,0.487545,1.20957
1523080538185391,-1.89716,0.517294,1.21945
1523080538208407,-1.87292,0.553487,1.23396
1523080538229430,-1.86278,0.58916,1.25096
1523080538245432,-1.85653,0.616251,1.27507
1523080538268449,-1.83244,0.62493,1.31523
1523080538289463,-1.8021,0.623914,1.36353
1523080538305475,-1.78098,0.613375,1.4114
1523080538328490,-1.79197,0.591247,1.44918
1523080538357686,-1.81223,0.560846,1.48516
1523080538365531,-1.83898,0.526501,1.5181
1523080538388540,-1.85579,0.493124,1.55185
1523080538409548,-1.85603,0.452914,1.57414
1523080538425570,-1.85571,0.434017,1.57949
1523080538448592,-1.86545,0.43385,1.57598
1523080538469590,-1.87541,0.445066,1.57046
1523080538485609,-1.86666,0.45955,1.56854
1523080538515654,-1.83571,0.471742,1.56198
1523080538529645,-1.80568,0.497675,1.54047
1523080538545655,-1.77672,0.520827,1.5149
1523080538568662,-1.7515,0.539676,1.49184
1523080538589693,-1.72757,0.556545,1.46752
1523080538605707,-1.70798,0.571108,1.43557
1523080538635708,-1.7088,0.581123,1.39431
1523080538649729,-1.72679,0.58068,1.35198
1523080538665747,-1.75427,0.566805,1.30547
1523080538688747,-1.77422,0.555066,1.26278
1523080538709892,-1.81634,0.538181,1.21934
1523080538725774,-1.8544,0.519723,1.18049
1523080538748799,-1.88191,0.502252,1.14747
1523080538769815,-1.89529,0.489914,1.12714
1523080538793832,-1.90198,0.479795,1.1199
1523080538808842,-1.8957,0.469457,1.1263
1523080538829857,-1.88333,0.462693,1.13898
1523080538845858,-1.86949,0.460906,1.15941
1523080538868888,-1.86195,0.465453,1.18341
1523080538889889,-1.85473,0.47758,1.21428
1523080538913917,-1.84589,0.492128,1.24544
1523080538927917,-1.83433,0.512259,1.27947
1523080538949942,-1.82308,0.538131,1.3148
1523080538964953,-1.81481,0.565556,1.35141
1523080538987959,-1.80351,0.590973,1.39041
1523080539010977,-1.77962,0.610601,1.43289
1523080539024999,-1.74924,0.620331,1.48036
1523080539048014,-1.7219,0.618454,1.52953
1523080539071019,-1.70107,0.607487,1.57763
1523080539085051,-1.69577,0.586725,1.61755
1523080539108055,-1.69732,0.558117,1.65264
1523080539131061,-1.69193,0.52181,1.69073
1523080539152092,-1.68523,0.483354,1.7226
1523080539168088,-1.6801,0.445538,1.74031
1523080539191105,-1.66703,0.432193,1.74167
1523080539212139,-1.67958,0.422864,1.73634
1523080539228143,-1.67564,0.432269,1.73362
1523080539251151,-1.66788,0.455602,1.73739
1523080539272180,-1.66626,0.500339,1.73279
1523080539288188,-1.66222,0.546736,1.71367
1523080539311199,-1.66155,0.590699,1.68539
1523080539332213,-1.66697,0.630808,1.65286
1523080539348219,-1.68067,0.665041,1.61497
1523080539371233,-1.70613,0.697747,1.57047
1523080539392294,-1.74335,0.730202,1.51778
1523080539408305,-1.7891,0.759807,1.45298
1523080539431322,-1.8385,0.785146,1.37944
1523080539452336,-1.89298,0.80549,1.29795
1523080539468334,-1.95573,0.816813,1.20726
1523080539491361,-2.02084,0.816708,1.11608
1523080539512379,-2.08959,0.805137,1.03106
1523080539528379,-2.15144,0.782698,0.965521
1523080539551407,-2.19788,0.748605,0.926044
1523080539572410,-2.2295,0.706675,0.902131
1523080539588420,-2.2448,0.659836,0.89605
1523080539611449,-2.25384,0.611741,0.90816
1523080539632464,-2.26107,0.567599,0.936151
1523080539647475,-2.26537,0.525701,0.968265
1523080539671489,-2.26185,0.493911,1.00165
1523080539692507,-2.23231,0.495942,1.04429
1523080539707515,-2.19468,0.514608,1.08696
1523080539731531,-2.14923,0.547584,1.11741
1523080539759551,-2.09939,0.584381,1.13963
1523080539767547,-2.04708,0.625986,1.16016
1523080539791563,-1.99925,0.672627,1.17978
1523080539812578,-1.9682,0.719877,1.20206
1523080539827599,-1.94741,0.763139,1.23124
1523080539850616,-1.90637,0.800819,1.26977
1523080539872623,-1.85942,0.827709,1.31017
1523080539887645,-1.81032,0.839107,1.3584
1523080539910659,-1.76198,0.83395,1.41048
1523080539933669,-1.73458,0.808092,1.45252
1523080539947675,-1.70577,0.764139,1.49711
1523080539970691,-1.69762,0.704638,1.53001
1523080539993721,-1.71171,0.650328,1.55103
1523080540007717,-1.73993,0.608593,1.56381
1523080540036752,-1.76644,0.565561,1.57046
1523080540053764,-1.7768,0.538603,1.57513
1523080540074775,-1.77811,0.529091,1.57743
1523080540090792,-1.78242,0.528454,1.57435
1523080540113809,-1.79071,0.532563,1.56369
1523080540134821,-1.79713,0.535686,1.54734
1523080540158838,-1.79824,0.53638,1.52788
1523080540180843,-1.79876,0.536263,1.50054
1523080540194889,-1.80482,0.529936,1.46556
1523080540210906,-1.81271,0.515433,1.42387
1523080540233917,-1.82115,0.489707,1.37546
1523080540254937,-1.83351,0.455208,1.32967
1523080540270106,-1.85347,0.412832,1.29045
1523080540285943,-1.88261,0.361149,1.25864
1523080540305957,-1.91612,0.303701,1.23467
1523080540329986,-1.94908,0.253907,1.21691
1523080540343995,-1.98371,0.219525,1.19689
1523080540367002,-2.0124,0.200679,1.17628
1523080540390037,-2.0403,0.205744,1.16332
1523080540404041,-2.06561,0.235687,1.16513
1523080540426044,-2.07545,0.27695,1.183
1523080540458081,-2.06029,0.310903,1.21139
1523080540464086,-2.02771,0.333365,1.24317
1523080540486096,-1.98581,0.353319,1.27638
1523080540510102,-1.94279,0.36557,1.31258
1523080540524127,-1.90375,0.374149,1.35138
1523080540546138,-1.86641,0.380643,1.39057
1523080540578165,-1.83066,0.384522,1.42909
1523080540584169,-1.78893,0.384055,1.46566
1523080540606181,-1.74316,0.380901,1.49768
1523080540629197,-1.69052,0.380117,1.52579
1523080540644218,-1.62814,0.379413,1.55659
1523080540666227,-1.55621,0.377545,1.58985
1523080540689240,-1.47688,0.374795,1.62097
1523080540704254,-1.40162,0.377353,1.64198
1523080540735276,-1.32959,0.386287,1.66279
1523080540749286,-1.25214,0.405903,1.68466
1523080540764297,-1.17324,0.440264,1.7058
1523080540788320,-1.09411,0.486909,1.7282
1523080540809316,-1.01834,0.541452,1.75936
1523080540824327,-0.944335,0.599375,1.80407
1523080540846355,-0.861924,0.654802,1.86668
1523080540869371,-0.768594,0.704577,1.94885
1523080540884369,-0.669309,0.742585,2.03803
1523080540906384,-0.565979,0.770032,2.1302
1523080540929411,-0.452076,0.788135,2.22872
1523080540945418,-0.343403,0.795855,2.32298
1523080540966426,-0.253027,0.794867,2.40585
1523080541000452,-0.170838,0.789256,2.48034
1523080541013462,-0.103796,0.778447,2.54375
1523080541035476,-0.0590212,0.75922,2.58784
1523080541049487,-0.0321359,0.737455,2.61109
1523080541063510,-0.0141258,0.717987,2.61413
1523080541086523,-0.00621578,0.6999,2.60132
1523080541117544,-0.0144425,0.682635,2.5746
1523080541132555,-0.0369036,0.662731,2.5346
1523080541146557,-0.0540634,0.647375,2.48946
1523080541169571,-0.0705324,0.635815,2.44022
1523080541183595,-0.0890937,0.627043,2.38804
1523080541206611,-0.104131,0.620972,2.33629
1523080541229623,-0.112063,0.619406,2.28654
1523080541252640,-0.119815,0.623539,2.24137
1523080541276648,-0.122783,0.640565,2.20566
1523080541289670,-0.125531,0.659829,2.17729
1523080541320692,-0.126481,0.682148,2.15713
1523080541326696,-0.125648,0.707711,2.14634
1523080541357704,-0.122449,0.735506,2.14367
1523080541363723,-0.123193,0.761407,2.14457
1523080541395732,-0.131201,0.785104,2.14553
1523080541409755,-0.142515,0.808184,2.14725
1523080541431771,-0.159602,0.831124,2.14903
1523080541446781,-0.184493,0.850933,2.14773
1523080541469811,-0.216701,0.865131,2.14192
1523080541483804,-0.260757,0.874828,2.12834
1523080541506821,-0.311739,0.876273,2.11048
1523080541522822,-0.368737,0.870642,2.08542
1523080541551856,-0.431667,0.85871,2.05294
1523080541566856,-0.502186,0.837096,2.00719
1523080541581877,-0.564295,0.818085,1.95803
1523080541603893,-0.61908,0.794253,1.90329
1523080541626909,-0.673109,0.762563,1.84309
1523080541641908,-0.724652,0.723733,1.77942
1523080541671927,-0.761807,0.686613,1.72341
1523080541686952,-0.79053,0.652549,1.676
1523080541701956,-0.812957,0.620165,1.63523
1523080541723964,-0.826969,0.591949,1.59872
1523080541745990,-0.829182,0.563416,1.56224
1523080541762992,-0.820909,0.541475,1.5297
1523080541792026,-0.816581,0.520571,1.50028
1523080541807037,-0.812143,0.501753,1.47611
1523080541824073,-0.813172,0.486935,1.45325
1523080541847062,-0.813821,0.473009,1.43156
1523080541866076,-0.8126,0.460144,1.41379
1523080541883091,-0.810218,0.44473,1.39771
1523080541904112,-0.806755,0.423388,1.38324
1523080541926109,-0.796124,0.402915,1.37467
1523080541950135,-0.782847,0.385339,1.37442
1523080541967151,-0.774669,0.371194,1.38087
1523080541986165,-0.772574,0.359257,1.3923
1523080542003173,-0.769763,0.352428,1.4084
1523080542024194,-0.768794,0.351174,1.42829
1523080542046194,-0.769401,0.355972,1.44954
1523080542063219,-0.772836,0.365948,1.4707
1523080542084227,-0.775209,0.377528,1.48992
1523080542106250,-0.773918,0.388949,1.50825
1523080542124249,-0.768534,0.401153,1.52657
1523080542144264,-0.758048,0.41429,1.54456
1523080542166281,-0.7478,0.428647,1.56148
1523080542189296,-0.738285,0.44052,1.57973
1523080542204309,-0.728004,0.449526,1.59946
1523080542226332,-0.713673,0.455434,1.62276
1523080542244335,-0.692109,0.462388,1.64714
1523080542264358,-0.662423,0.471139,1.66962
1523080542286378,-0.631025,0.482418,1.69071
1523080542303409,-0.604116,0.493592,1.71154
1523080542324391,-0.582658,0.50281,1.7315
1523080542346419,-0.56124,0.513161,1.75153
1523080542363440,-0.54017,0.526118,1.76891
1523080542386449,-0.519053,0.540593,1.78341
1523080542406459,-0.496562,0.555655,1.79628
1523080542422472,-0.476836,0.569508,1.80705
1523080542444501,-0.461481,0.581506,1.81667
1523080542466541,-0.448257,0.592925,1.82435
1523080542491555,-0.435083,0.602965,1.83053
1523080542506588,-0.420683,0.611401,1.83559
1523080542542620,-0.407573,0.617643,1.83877
1523080542548625,-0.398827,0.621231,1.84011
1523080542563635,-0.387092,0.623055,1.84393
1523080542586682,-0.377874,0.62228,1.84604
1523080542602684,-0.369778,0.619794,1.8458
1523080542626702,-0.364667,0.618472,1.84233
1523080542646725,-0.362067,0.619365,1.83584
1523080542662735,-0.360549,0.621032,1.82805
1523080542701768,-0.361575,0.623106,1.81949
1523080542707760,-0.364254,0.62714,1.80971
1523080542730776,-0.372417,0.633735,1.79641
1523080542745799,-0.390836,0.642026,1.77591
1523080542785828,-0.414264,0.652191,1.74955
1523080542798834,-0.436708,0.663953,1.72077
1523080542805839,-0.465621,0.677774,1.68314
1523080542827012,-0.503745,0.693355,1.63186
1523080542842854,-0.562599,0.703486,1.56024
1523080542865871,-0.643578,0.704326,1.45694
1523080542886906,-0.71716,0.662558,1.33453
1523080542902917,-0.621653,0.726357,1.53966
1523080542926924,-0.608404,0.768078,1.63346
1523080542954941,-0.635323,0.739951,1.59525
1523080542970945,-0.638237,0.717574,1.61529
1523080542985957,-0.652659,0.668087,1.56449
1523080543006985,-0.637813,0.627424,1.55969
1523080543022982,-0.618468,0.59436,1.59911
1523080543046021,-0.577599,0.573277,1.64611
1523080543075029,-0.537456,0.545233,1.70088
1523080543083035,-0.488499,0.518882,1.76653
1523080543105052,-0.447459,0.490922,1.83413
1523080543126065,-0.429375,0.463144,1.90153
1523080543143074,-0.431435,0.434853,1.96345
1523080543165119,-0.444315,0.408566,2.02556
1523080543186108,-0.443298,0.385597,2.09392
1523080543209125,-0.423934,0.367736,2.16125
1523080543233142,-0.410749,0.357464,2.22605
1523080543246151,-0.435232,0.346809,2.27993
1523080543263163,-0.482591,0.332217,2.32287
1523080543285169,-0.519806,0.312444,2.36005
1523080543306194,-0.550514,0.292413,2.39163
1523080543323206,-0.596363,0.271934,2.41171
1523080543353218,-0.66058,0.251882,2.42063
1523080543366240,-0.741163,0.227849,2.42139
1523080543383252,-0.820995,0.19735,2.41951
1523080543404254,-0.896353,0.164987,2.40841
1523080543427270,-0.979307,0.137615,2.39476
1523080543442282,-1.05968,0.129842,2.37631
1523080543464309,-1.12578,0.138162,2.34903
1523080543487328,-1.18665,0.146479,2.31514
1523080543509342,-1.25238,0.14957,2.27758
1523080543524352,-1.33395,0.153103,2.23355
1523080543547364,-1.41773,0.166542,2.17478
1523080543562381,-1.48455,0.187761,2.0971
1523080543584391,-1.53373,0.20642,2.00706
1523080543607407,-1.5799,0.21276,1.91881
1523080543622418,-1.64035,0.210806,1.84151
1523080543659444,-1.71188,0.200868,1.76961
1523080543668440,-1.77673,0.189761,1.68983
1523080543683451,-1.82258,0.174491,1.6065
1523080543704468,-1.84675,0.162692,1.5279
1523080543727496,-1.86,0.165386,1.46123
1523080543743494,-1.88237,0.197194,1.41024
1523080543764508,-1.90285,0.251632,1.36287
1523080543788528,-1.89026,0.308022,1.3159
1523080543803536,-1.87609,0.370651,1.28069
1523080543824553,-1.88043,0.428191,1.25525
1523080543847581,-1.88958,0.482634,1.23496
1523080543863579,-1.89529,0.533473,1.21594
1523080543884596,-1.90083,0.578498,1.19447
1523080543907620,-1.90925,0.615865,1.1699
1523080543923621,-1.92075,0.646295,1.14507
1523080543944647,-1.93942,0.669727,1.12006
1523080543967676,-1.96792,0.682888,1.09437
1523080543983675,-2.00432,0.686012,1.06774
1523080544004679,-2.04615,0.677837,1.04267
1523080544026696,-2.08609,0.656414,1.02262
1523080544043727,-2.13335,0.626438,1.00636
1523080544065723,-2.18518,0.587499,1.00603
1523080544086739,-2.23397,0.541638,1.01432
1523080544103754,-2.25631,0.491378,1.02589
1523080544124926,-2.22994,0.441476,1.04848
1523080544146781,-2.19129,0.398354,1.07259
1523080544163806,-2.14693,0.372215,1.10604
1523080544185808,-2.11023,0.362025,1.1506
1523080544206833,-2.06499,0.37168,1.19914
1523080544223845,-2.02776,0.391997,1.26078
1523080544244860,-1.98854,0.420783,1.33595
1523080544266876,-1.93008,0.46285,1.40557
1523080544283888,-1.8605,0.514189,1.477
1523080544304892,-1.78038,0.576252,1.5479
1523080544326922,-1.68944,0.653885,1.61374
1523080544343922,-1.58745,0.746805,1.67067
1523080544364949,-1.48641,0.847667,1.70576
1523080544394957,-1.39619,0.95406,1.71522
1523080544403964,-1.34208,1.05699,1.69064
1523080544442003,-1.35869,1.15466,1.60294
1523080544447007,-1.4682,1.22878,1.44132
1523080544464006,-1.68255,1.26454,1.19959
1523080544485031,-1.90909,1.25088,0.972811
1523080544507046,-2.04562,1.20136,0.854879
1523080544524059,-2.08669,1.12974,0.83679
1523080544545073,-2.06463,1.04167,0.860977
1523080544567094,-1.98832,0.932265,0.916877
1523080544583091,-1.88955,0.815993,0.986358
1523080544606107,-1.76528,0.690562,1.0745
1523080544627135,-1.65508,0.57629,1.19466
1523080544643133,-1.56121,0.482797,1.3262
1523080544666149,-1.48107,0.40724,1.45358
1523080544687164,-1.42779,0.35835,1.58658
1523080544703181,-1.3803,0.340398,1.70841
1523080544726192,-1.33531,0.366844,1.81817
1523080544763239,-1.27745,0.435872,1.91196
1523080544766220,-1.20427,0.534952,1.99235
1523080544786254,-1.11519,0.657038,2.05955
1523080544807263,-1.0218,0.796913,2.10648
1523080544823261,-0.94862,0.949177,2.1233
1523080544846288,-0.914556,1.10736,2.10599
1523080544867302,-0.971306,1.25432,2.02067
1523080544883304,-1.25059,1.37105,1.72858
1523080544906336,-1.91502,1.40475,1.07804
1523080544927348,-2.36645,1.34368,0.65701
1523080544943362,-2.50849,1.25779,0.543062
1523080544966372,-2.5152,1.15802,0.55686
1523080544987377,-2.43573,1.05064,0.637965
1523080545003389,-2.30043,0.940064,0.758756
1523080545026406,-2.14182,0.817606,0.87374
1523080545047430,-1.96636,0.701468,1.00304
1523080545063444,-1.8263,0.597703,1.14905
1523080545086448,-1.70019,0.504247,1.28095
1523080545107476,-1.56856,0.425624,1.41963
1523080545123481,-1.46048,0.354052,1.55899
1523080545146500,-1.40685,0.279654,1.68941
1523080545174524,-1.39622,0.204976,1.81341
1523080545183518,-1.38507,0.164003,1.92167
1523080545206546,-1.34693,0.173348,2.00359
1523080545227561,-1.30639,0.22322,2.06633
1523080545242559,-1.27597,0.292957,2.11656
1523080545266576,-1.24049,0.379967,2.15099
1523080545294605,-1.17842,0.486951,2.15931
1523080545302603,-1.10746,0.617298,2.13481
1523080545326649,-1.06299,0.765052,2.09262
1523080545347656,-1.05506,0.921956,2.03395
1523080545362657,-1.09418,1.07685,1.93193
1523080545386671,-1.2234,1.21363,1.74448
1523080545407695,-1.53403,1.31003,1.39979
1523080545422686,-2.00825,1.32661,0.931539
1523080545453708,-2.34471,1.27475,0.632724
1523080545466727,-2.49198,1.19549,0.521386
1523080545482729,-2.51858,1.10526,0.50026
1523080545505756,-2.46665,1.01004,0.531185
1523080545526799,-2.35949,0.909737,0.605642
1523080545542801,-2.22037,0.815229,0.713132
1523080545573823,-2.10217,0.722122,0.833037
1523080545588834,-1.99459,0.630349,0.9575
1523080545602843,-1.89666,0.54682,1.08044
1523080545625873,-1.82068,0.470221,1.20574
1523080545648886,-1.78381,0.390762,1.327
1523080545669892,-1.78261,0.310324,1.44028
1523080545685903,-1.79934,0.246901,1.53356
1523080545708919,-1.81156,0.209749,1.60198
1523080545730935,-1.8108,0.190212,1.65068
1523080545745956,-1.8207,0.176573,1.68871
1523080545768977,-1.86161,0.163789,1.71724
1523080545789986,-1.92312,0.162532,1.73283
1523080545806021,-1.97141,0.170592,1.73572
1523080545829005,-1.98587,0.175733,1.73201
1523080545851021,-1.98406,0.179399,1.72489
1523080545866030,-1.9812,0.1794,1.71034
1523080545889046,-1.97814,0.183373,1.68196
1523080545910063,-1.96669,0.188903,1.64991
1523080545925082,-1.94806,0.192225,1.62238
1523080545956096,-1.92435,0.196191,1.59553
1523080545970104,-1.91186,0.204626,1.56398
1523080545985125,-1.90539,0.215095,1.52445
1523080546009133,-1.89903,0.230042,1.47871
1523080546030173,-1.89387,0.245983,1.43032
1523080546045158,-1.8912,0.265225,1.38266
1523080546069174,-1.89446,0.2842,1.33372
1523080546090207,-1.9026,0.299642,1.28274
1523080546105202,-1.91559,0.312421,1.23187
1523080546129218,-1.93266,0.32207,1.18172
1523080546149262,-1.95763,0.327856,1.13428
1523080546165243,-1.99037,0.328961,1.09141
1523080546188303,-2.03344,0.329859,1.05177
1523080546209319,-2.07383,0.331223,1.01912
1523080546225324,-2.10794,0.33304,0.989644
1523080546249345,-2.12311,0.334637,0.963053
1523080546269350,-2.12207,0.331681,0.936665
1523080546294378,-2.11851,0.330874,0.913992
1523080546308379,-2.11357,0.335597,0.912715
1523080546329392,-2.11652,0.33723,0.92747
1523080546361428,-2.11461,0.335582,0.956553
1523080546368421,-2.10297,0.334351,0.994593
1523080546389435,-2.091,0.333361,1.04316
1523080546405446,-2.08602,0.333896,1.09892
1523080546428462,-2.07974,0.337927,1.16005
1523080546449491,-2.07186,0.344507,1.2175
1523080546465489,-2.06101,0.352916,1.27035
1523080546488521,-2.04952,0.359261,1.3197
1523080546511532,-2.03949,0.362059,1.3664
1523080546525536,-2.02965,0.360214,1.4107
1523080546539550,-2.01895,0.348436,1.45196
1523080546562572,-2.00528,0.329767,1.48795
1523080546584583,-1.99604,0.302187,1.51735
1523080546598600,-1.99566,0.268748,1.5418
1523080546621610,-2.00472,0.229658,1.55977
1523080546644616,-2.01398,0.1912,1.57091
1523080546658626,-2.01825,0.158691,1.57482
1523080546682644,-2.01846,0.14382,1.57012
1523080546704658,-2.02538,0.142343,1.56294
1523080546718670,-2.03767,0.151776,1.55305
1523080546741698,-2.04878,0.176252,1.53809
1523080546764711,-2.05472,0.213407,1.51822
1523080546778722,-2.04815,0.258608,1.49435
1523080546801727,-2.03588,0.304515,1.46944
1523080546824755,-2.02655,0.347852,1.4491
1523080546840765,-2.02373,0.389946,1.43377
1523080546861780,-2.02434,0.430476,1.41826
1523080546884787,-2.02299,0.466938,1.39959
1523080546898810,-2.01935,0.49968,1.37606
1523080546921826,-2.02334,0.526085,1.35122
1523080546944839,-2.03194,0.547095,1.32886
1523080546960851,-2.04086,0.563016,1.30767
1523080546981866,-2.04744,0.573004,1.2871
1523080547003910,-2.05451,0.578639,1.26609
1523080547018910,-2.05856,0.578747,1.25114
1523080547041927,-2.05716,0.575195,1.24165
1523080547064944,-2.05011,0.572,1.23774
1523080547078953,-2.04451,0.57217,1.24274
1523080547101970,-2.03671,0.575347,1.26019
1523080547124986,-2.02238,0.581589,1.2851
1523080547139008,-2.00345,0.590939,1.31041
1523080547162044,-1.98659,0.604755,1.33351
1523080547185029,-1.97174,0.619581,1.36126
1523080547199039,-1.95404,0.634253,1.39305
1523080547222062,-1.93544,0.648242,1.4237
1523080547245071,-1.92025,0.660846,1.45078
1523080547259084,-1.90706,0.67176,1.47623
1523080547282098,-1.89312,0.682512,1.4988
1523080547305115,-1.88196,0.694584,1.51674
1523080547319126,-1.87684,0.705192,1.53041
1523080547341142,-1.87884,0.713983,1.53894
1523080547365157,-1.88923,0.722094,1.54197
1523080547379166,-1.89037,0.728578,1.54549
1523080547401182,-1.89228,0.732432,1.54828
1523080547425211,-1.89933,0.726994,1.55659
1523080547439210,-1.91739,0.722987,1.56108
1523080547461225,-1.95339,0.717268,1.5541
1523080547484241,-1.99422,0.712916,1.54524
1523080547499252,-2.01602,0.707813,1.53948
1523080547521267,-2.02391,0.706824,1.53351
1523080547544284,-2.02769,0.705792,1.52817
1523080547559296,-2.02852,0.702542,1.52238
1523080547581310,-2.02582,0.699121,1.51587
1523080547604328,-2.02512,0.697087,1.50983
1523080547619337,-2.02606,0.694181,1.50497
1523080547641352,-2.02592,0.689998,1.49992
1523080547673376,-2.02215,0.685441,1.49054
1523080547679380,-2.01815,0.681777,1.47785
1523080547701395,-2.01751,0.678133,1.46503
1523080547724412,-2.0191,0.672504,1.45232
1523080547739422,-2.02207,0.665295,1.43861
1523080547761439,-2.02405,0.654199,1.42392
1523080547792460,-2.02874,0.639766,1.40634
1523080547799466,-2.0367,0.622111,1.38537
1523080547821481,-2.0497,0.604704,1.36242
1523080547844504,-2.06456,0.586735,1.33788
1523080547859549,-2.07806,0.571634,1.31056
1523080547881525,-2.09216,0.560626,1.279
1523080547904541,-2.10885,0.553374,1.2464
1523080547919582,-2.13047,0.549054,1.21486
1523080547949585,-2.15759,0.547395,1.18945
1523080547965583,-2.18398,0.549461,1.1727
1523080547978606,-2.20649,0.552311,1.16534
1523080548001610,-2.22423,0.557934,1.16639
1523080548023638,-2.23838,0.567306,1.17517
1523080548038665,-2.24965,0.579532,1.18899
1523080548069677,-2.25269,0.592716,1.20667
1523080548083682,-2.25156,0.604996,1.22686
1523080548098691,-2.2513,0.615955,1.2488
1523080548121708,-2.24943,0.62693,1.27228
1523080548143710,-2.24342,0.636575,1.29588
1523080548158721,-2.23094,0.646349,1.32043
1523080548181747,-2.21186,0.654198,1.34521
1523080548203752,-2.19679,0.657044,1.36771
1523080548227769,-2.18641,0.651694,1.38897
1523080548241789,-2.16863,0.640908,1.41331
1523080548263804,-2.14803,0.623405,1.43736
1523080548278816,-2.12976,0.601308,1.46007
1523080548301821,-2.11955,0.57827,1.47812
1523080548323838,-2.11644,0.554739,1.49241
1523080548348856,-2.11291,0.53293,1.50485
1523080548361867,-2.10152,0.517511,1.51369
1523080548383879,-2.08492,0.505194,1.51682
1523080548400912,-2.07198,0.497417,1.51333
1523080548421907,-2.06265,0.495425,1.50466
1523080548443924,-2.06124,0.497203,1.49307
1523080548460935,-2.05896,0.498277,1.48145
1523080548481950,-2.04706,0.499061,1.46831
1523080548503965,-2.03054,0.498083,1.45045
1523080548520993,-2.01695,0.498989,1.42814
1523080548542008,-2.00719,0.497589,1.4039
1523080548564009,-2.00199,0.495409,1.37826
1523080548580063,-2.00045,0.491691,1.35191
1523080548602067,-2.00118,0.485732,1.32395
1523080548624082,-2.00531,0.477104,1.29349
1523080548640097,-2.01393,0.46358,1.26197
1523080548661121,-2.02489,0.446204,1.23427
1523080548684143,-2.03028,0.42798,1.21511
1523080548700173,-2.02235,0.409608,1.20771
1523080548721164,-2.0091,0.389699,1.20695
1523080548744181,-1.99412,0.367655,1.21019
1523080548761241,-1.96839,0.345562,1.22578
1523080548783195,-1.9469,0.320057,1.25443
1523080548804222,-1.93919,0.294218,1.29198
1523080548820246,-1.92851,0.266712,1.33966
1523080548841249,-1.91667,0.236535,1.39023
1523080548864265,-1.9103,0.203159,1.43923
1523080548880263,-1.9046,0.163912,1.4867
1523080548904281,-1.90235,0.11654,1.53145
1523080548924294,-1.90366,0.0595046,1.57314
1523080548940311,-1.9069,-0.00610832,1.60995
1523080548961334,-1.91415,-0.076816,1.64155
1523080548984338,-1.92592,-0.142276,1.66781
1523080549000349,-1.92327,-0.187605,1.68704
1523080549021373,-1.91556,-0.223696,1.69847
1523080549044393,-1.91328,-0.256873,1.69976
1523080549062406,-1.91111,-0.276719,1.69062
1523080549081416,-1.90133,-0.27806,1.67245
1523080549104423,-1.88774,-0.267575,1.64844
1523080549120434,-1.87551,-0.251719,1.62011
1523080549141447,-1.86841,-0.232014,1.58824
1523080549164484,-1.86317,-0.210163,1.55335
1523080549180476,-1.85354,-0.182248,1.51601
1523080549201490,-1.84506,-0.147689,1.47226
1523080549224508,-1.84201,-0.112626,1.4257
1523080549240520,-1.84145,-0.0797159,1.37771
1523080549261533,-1.84157,-0.0467043,1.32973
1523080549284549,-1.84364,-0.0122942,1.28054
1523080549300561,-1.84918,0.017829,1.22819
1523080549323580,-1.86074,0.0432425,1.17536
1523080549344592,-1.8755,0.0678885,1.12316
1523080549360604,-1.899,0.0919003,1.07566
1523080549382620,-1.92197,0.110147,1.03206
1523080549403635,-1.94602,0.127943,0.987104
1523080549420650,-1.97359,0.146456,0.942165
1523080549442675,-2.00315,0.164894,0.901277
1523080549463687,-2.02251,0.175284,0.867562
1523080549480699,-2.03332,0.182429,0.841756
1523080549502717,-2.04793,0.190609,0.828604
1523080549523729,-2.0653,0.201014,0.83355
1523080549540741,-2.07807,0.21436,0.849139
1523080549562747,-2.0768,0.229315,0.87288
1523080549592769,-2.07428,0.246933,0.903076
1523080549600774,-2.0768,0.258181,0.940227
1523080549628836,-2.08447,0.270537,0.982403
1523080549643846,-2.0894,0.280429,1.02616
1523080549660863,-2.08893,0.291274,1.06985
1523080549681877,-2.08777,0.301695,1.11313
1523080549704879,-2.09004,0.3147,1.15604
1523080549719910,-2.09021,0.331731,1.19416
1523080549749912,-2.08537,0.348961,1.22747
1523080549764932,-2.06972,0.36799,1.25759
1523080549779946,-2.05607,0.387676,1.28614
1523080549803966,-2.04003,0.398122,1.3166
1523080549824967,-2.01628,0.396406,1.34449
1523080549839986,-1.99215,0.403242,1.36985
1523080549862001,-1.97248,0.425715,1.39358
1523080549885027,-1.95706,0.442666,1.41822
1523080549900037,-1.94605,0.445832,1.44235
1523080549922047,-1.93278,0.444585,1.46295
1523080549945052,-1.92261,0.444046,1.48413
1523080549960062,-1.91513,0.443821,1.50868
1523080549982090,-1.90821,0.442083,1.52896
1523080550005104,-1.90677,0.437676,1.54503
1523080550020114,-1.91041,0.437493,1.55577
1523080550042129,-1.91588,0.438086,1.56153
1523080550065145,-1.92289,0.437171,1.5618
1523080550080160,-1.93481,0.431135,1.55671
1523080550102161,-1.9508,0.419981,1.54804
1523080550125179,-1.96677,0.404255,1.53654
1523080550140202,-1.98291,0.387834,1.5228
1523080550177215,-1.99316,0.367483,1.50864
1523080550201232,-1.99881,0.346646,1.49286
1523080550230263,-2.00597,0.326714,1.47964
1523080550231254,-2.01538,0.304458,1.4669
1523080550254273,-2.02425,0.279916,1.45463
1523080550283291,-2.03331,0.258372,1.44134
1523080550305305,-2.04818,0.238224,1.42839
1523080550312330,-2.06723,0.217561,1.4157
1523080550336328,-2.08789,0.195938,1.40183
1523080550365362,-2.10759,0.175402,1.387
1523080550366351,-2.12693,0.157272,1.37266
1523080550396381,-2.14362,0.141411,1.3604
1523080550427392,-2.15548,0.126028,1.35004
1523080550448447,-2.16519,0.111378,1.34182
1523080550448447,-2.17352,0.0984657,1.33559
1523080550471435,-2.18355,0.0876812,1.33085
1523080550499458,-2.19141,0.0785313,1.32503
1523080550508451,-2.19504,0.0705092,1.31797
1523080550523462,-2.19486,0.0637977,1.30988
1523080550546477,-2.19865,0.0605366,1.30317
1523080550567496,-2.20673,0.0594777,1.29964
1523080550582570,-2.21167,0.0618605,1.29632
1523080550598524,-2.20934,0.0670032,1.29283
1523080550621532,-2.20307,0.0755624,1.28819
1523080550642559,-2.19915,0.0907129,1.28931
1523080550664571,-2.19122,0.105361,1.29283
1523080550681586,-2.18237,0.121844,1.29224
1523080550703588,-2.1721,0.139972,1.2923
1523080550726619,-2.16198,0.161214,1.29254
1523080550741629,-2.1563,0.181165,1.29335
1523080550762644,-2.15591,0.203398,1.29529
1523080550777655,-2.15294,0.227227,1.29823
1523080550801672,-2.1486,0.250473,1.30687
1523080550822687,-2.13987,0.274427,1.32158
1523080550837698,-2.14557,0.302816,1.319
1523080550861703,-2.14457,0.322806,1.32157
1523080550882754,-2.13282,0.343357,1.32437
1523080550897762,-2.12701,0.36756,1.32994
1523080550920777,-2.12446,0.385535,1.33861
1523080550941802,-2.11922,0.401796,1.34676
1523080550957804,-2.1082,0.412856,1.35694
1523080550988825,-2.0964,0.422252,1.36448
1523080551003844,-2.08699,0.429901,1.37291
1523080551024862,-2.07882,0.438063,1.37885
1523080551040889,-2.06709,0.448101,1.38748
1523080551061888,-2.05453,0.458867,1.39825
1523080551077889,-2.04478,0.467797,1.41222
1523080551100905,-2.03372,0.472769,1.4261
1523080551121929,-2.02061,0.478069,1.44053
1523080551137932,-2.00978,0.489186,1.45543
1523080551160948,-2.00177,0.499371,1.47116
1523080551181976,-1.99093,0.507747,1.48346
1523080551197994,-1.97898,0.513873,1.48998
1523080551220992,-1.97186,0.519396,1.49834
1523080551242022,-1.96898,0.520418,1.50888
1523080551258017,-1.96517,0.520363,1.5171
1523080551281033,-1.96258,0.512903,1.51955
1523080551304049,-1.97036,0.508359,1.51768
1523080551318060,-1.97877,0.504778,1.5151
1523080551341077,-1.97794,0.504108,1.50893
1523080551364112,-1.97405,0.505547,1.5052
1523080551378102,-1.97363,0.504572,1.50782
1523080551401119,-1.97798,0.501771,1.50819
1523080551424148,-1.98009,0.498825,1.50612
1523080551445150,-1.98541,0.498406,1.50446
1523080551460160,-1.99436,0.502283,1.50325
1523080551484186,-2.00975,0.49984,1.4996
1523080551505194,-2.02498,0.50699,1.48669
1523080551520203,-2.04296,0.507737,1.48166
1523080551544219,-2.06062,0.50359,1.47353
1523080551565273,-2.08205,0.501885,1.46652
1523080551580249,-2.10775,0.498546,1.45992
1523080551603281,-2.13379,0.491598,1.45038
1523080551625284,-2.17025,0.488269,1.44153
1523080551640290,-2.20497,0.486092,1.43931
1523080551664307,-2.22931,0.482795,1.43921
1523080551685321,-2.23834,0.480774,1.43666
1523080551700332,-2.23791,0.480341,1.42888
1523080551723358,-2.23734,0.483775,1.41736
1523080551745362,-2.23855,0.486912,1.40296
1523080551760374,-2.23405,0.487338,1.3892
1523080551783393,-2.22785,0.485526,1.37583
1523080551804415,-2.2167,0.487147,1.3672
1523080551820417,-2.19943,0.488753,1.36158
1523080551843433,-2.18007,0.490343,1.35685
1523080551864457,-2.16102,0.49066,1.35376
1523080551880459,-2.14137,0.497435,1.3584
1523080551903476,-2.11968,0.507485,1.37118
1523080551924504,-2.092,0.514124,1.38593
1523080551940501,-2.07487,0.520971,1.39874
1523080551963517,-2.06033,0.531396,1.40892
1523080551984543,-2.04957,0.539884,1.4224
1523080552000544,-2.0443,0.539777,1.43883
1523080552023580,-2.03565,0.539079,1.44726
1523080552044589,-2.02636,0.542341,1.45673
1523080552060586,-2.01634,0.545986,1.46992
1523080552083603,-2.00757,0.546148,1.48302
1523080552112638,-1.99717,0.541836,1.49585
1523080552120630,-2.00356,0.546203,1.50044
1523080552142644,-2.01134,0.550543,1.51718
1523080552164674,-2.01545,0.547116,1.52699
1523080552180690,-2.01814,0.548153,1.53378
1523080552202687,-2.01978,0.548862,1.5404
1523080552233709,-2.00767,0.550446,1.55209
1523080552240725,-1.99321,0.559654,1.56231
1523080552262765,-1.98069,0.56045,1.5761
1523080552286748,-1.96389,0.55466,1.58656
1523080552307772,-1.94624,0.554719,1.59165
1523080552322790,-1.93938,0.559426,1.59464
1523080552346789,-1.93751,0.560242,1.59686
1523080552367805,-1.93969,0.554363,1.59708
1523080552390835,-1.94082,0.552341,1.59454
1523080552405845,-1.93582,0.556908,1.59347
1523080552426846,-1.92474,0.557699,1.59102
1523080552442859,-1.91826,0.547865,1.58428
1523080552465874,-1.92247,0.531235,1.57878
1523080552486891,-1.93181,0.514664,1.57395
1523080552510926,-1.93857,0.50409,1.56529
1523080552525919,-1.94619,0.499791,1.55358
1523080552546935,-1.95871,0.497958,1.54447
1523080552562943,-1.971,0.494067,1.5394
1523080552585959,-1.98221,0.487619,1.53043
1523080552606995,-1.98714,0.482173,1.51946
1523080552630005,-1.9957,0.475864,1.5162
1523080552646003,-2.0051,0.468774,1.51566
1523080552669029,-2.01554,0.460666,1.51829
1523080552683030,-2.01655,0.452328,1.51857
1523080552706046,-2.01744,0.446744,1.51271
1523080552727075,-2.02331,0.444325,1.50704
1523080552743071,-2.02731,0.442163,1.50509
1523080552766087,-2.02729,0.443182,1.50533
1523080552789105,-2.02569,0.444983,1.50518
1523080552803114,-2.02646,0.446313,1.50501
1523080552817134,-2.02468,0.444727,1.5044
1523080552839149,-2.01614,0.441824,1.50156
1523080552862166,-2.00649,0.440462,1.49499
1523080552877166,-1.99872,0.438677,1.48963
1523080552899185,-1.99148,0.437638,1.48764
1523080552922200,-1.98654,0.442417,1.48891
1523080552945215,-1.9758,0.446909,1.49122
1523080552968234,-1.96024,0.45547,1.48959
1523080552982240,-1.93502,0.469892,1.48669
1523080552996265,-1.90873,0.489011,1.48323
1523080553019278,-1.88365,0.512632,1.48198
1523080553043287,-1.85531,0.540136,1.48505
1523080553065315,-1.82498,0.575475,1.49843
1523080553079312,-1.7917,0.611213,1.5201
1523080553102329,-1.75551,0.647969,1.54593
1523080553116336,-1.71609,0.688839,1.57886
1523080553139373,-1.67461,0.726781,1.6158
1523080553162371,-1.63741,0.753835,1.64915
1523080553176399,-1.60518,0.770168,1.67231
1523080553199398,-1.58136,0.779157,1.68595
1523080553222411,-1.56692,0.781959,1.68876
1523080553236435,-1.56609,0.775887,1.68256
1523080553259451,-1.57597,0.758205,1.66467
1523080553282455,-1.59482,0.735153,1.63886
1523080553296475,-1.61966,0.704279,1.60547
1523080553319490,-1.64698,0.668222,1.56601
1523080553342511,-1.67061,0.629488,1.52715
1523080553356517,-1.69778,0.589323,1.48344
1523080553379536,-1.72378,0.54419,1.43964
1523080553402553,-1.7453,0.495905,1.39724
1523080553416570,-1.76106,0.4499,1.36072
1523080553439579,-1.76906,0.409922,1.33
1523080553462582,-1.7727,0.369468,1.29897
1523080553476605,-1.77349,0.326222,1.27201
1523080553500626,-1.76988,0.290564,1.2536
1523080553522638,-1.76221,0.265437,1.23775
1523080553536648,-1.76214,0.241557,1.2234
1523080553559655,-1.77882,0.218657,1.2146
1523080553582668,-1.79617,0.204404,1.21382
1523080553596697,-1.80339,0.196672,1.21477
1523080553618695,-1.80395,0.189172,1.21611
1523080553642724,-1.79948,0.179389,1.21872
1523080553656734,-1.79468,0.174411,1.22576
1523080553678750,-1.79472,0.172696,1.23714
1523080553702753,-1.79554,0.171034,1.24759
1523080553716776,-1.79401,0.166685,1.25636
1523080553738778,-1.78339,0.159999,1.26585
1523080553762808,-1.76748,0.158751,1.27795
1523080553777816,-1.7574,0.162668,1.29264
1523080553798823,-1.75064,0.166806,1.30777
1523080553822839,-1.74077,0.17376,1.32107
1523080553836862,-1.7227,0.181251,1.33467
1523080553858863,-1.69818,0.186002,1.34439
1523080553882883,-1.67156,0.188672,1.35152
1523080553897892,-1.65016,0.187052,1.35988
1523080553918907,-1.63534,0.178675,1.36923
1523080553941943,-1.62465,0.164235,1.37468
1523080553956953,-1.62064,0.145662,1.37791
1523080553978950,-1.62336,0.1251,1.3802
1523080554001975,-1.63213,0.103094,1.38106
1523080554016976,-1.64347,0.0815541,1.37829
1523080554038992,-1.64789,0.0648577,1.37311
1523080554062008,-1.64547,0.0546599,1.36799
1523080554077018,-1.6465,0.0491865,1.36364
1523080554099034,-1.65082,0.0468681,1.35783
1523080554124052,-1.6525,0.0479097,1.35137
1523080554152071,-1.65082,0.0526111,1.34551
1523080554161080,-1.65088,0.0569111,1.34233
1523080554182097,-1.65519,0.0598572,1.34042
1523080554197114,-1.65928,0.0605825,1.33789
1523080554219141,-1.65582,0.0597125,1.33545
1523080554235130,-1.6503,0.0591286,1.33183
1523080554257146,-1.65022,0.0582641,1.32667
1523080554279162,-1.65645,0.0589579,1.32129
1523080554302180,-1.66238,0.06168,1.31689
1523080554317189,-1.6633,0.0653961,1.3143
1523080554356216,-1.66371,0.0695415,1.31148
1523080554364232,-1.66727,0.0724131,1.30869
1523080554376241,-1.6709,0.0749682,1.30461
1523080554399247,-1.67188,0.0783511,1.3005
1523080554415260,-1.67256,0.0816733,1.29805
1523080554436274,-1.67521,0.0840565,1.29593
1523080554459291,-1.67664,0.0849931,1.29483
1523080554475321,-1.67565,0.0866298,1.29413
1523080554496330,-1.67337,0.0890406,1.29551
1523080554519333,-1.6742,0.0915618,1.29764
1523080554535344,-1.67702,0.0924305,1.29924
1523080554559365,-1.67631,0.0930242,1.29945
1523080554579385,-1.67451,0.0943176,1.29934
1523080554595387,-1.67435,0.0964372,1.29951
1523080554616421,-1.67716,0.097424,1.30068
1523080554639438,-1.68002,0.0985979,1.30107
1523080554655430,-1.68089,0.0993677,1.30138
1523080554686451,-1.67956,0.100036,1.30148
1523080554708483,-1.6797,0.101093,1.3018
1523080554738488,-1.68114,0.101598,1.30221
1523080554762505,-1.68349,0.101656,1.30219
1523080554762505,-1.68246,0.102152,1.30197
1523080554783521,-1.6821,0.102142,1.30188
1523080554813542,-1.68392,0.100941,1.30263
1523080554836561,-1.6836,0.0998649,1.30385
1523080554858590,-1.68096,0.100214,1.30507
1523080554859575,-1.67973,0.102698,1.30581
1523080554889597,-1.67898,0.104889,1.30709
1523080554903607,-1.67607,0.105943,1.3071
1523080554918617,-1.67021,0.105313,1.30743
1523080554939648,-1.66789,0.104711,1.30812
1523080554955643,-1.67511,0.103538,1.30967
1523080554978660,-1.68402,0.103841,1.31275
